Entry	Entry Name
A0A068B6Q6	CA18_CONBE
A0A0D4WTV1	B1D1_LOXAR
A2TK72	VM3A2_DEIAC
A5YVK8	ERVA_TABDI
A6XH06	SABS1_SALPM
B1P1F5	JZT32_CHIGU
B3A0N3	PA2B3_BOTMA
B3EWP6	PA2_LACMR
B5AR80	OXLA_BOTPA
B5LUQ7	FALX3_LITFA
B8QCG6	NGFV_AGKCO
C0HJG9	ANXA2_MESAU
C0HJQ3	H2A_ACIGU
C0HJU3	PA2A1_BOTPA
C0HK05	PA2BC_CROOL
C0HLF7	PA2B_OPHSH
C0HLV6	LACS_TRAHI
C0HLV7	LACF_GANAU
C0HM14	PA2BD_CRODU
C0HM68	5BPIA_HETMG
C0HM96	TXVE_CRODU
C7E9W0	SCH21_STACH
C7S340	CABC2_PROVU
D0VWR8	PSBD_THEVL
D4YWD1	TPF_PELSA
E9LVH9	PETH2_THECS
F1NBL0	MUC6_CHICK
G0LXV8	LATA_LATHA
G3XAP7	LP9A_THEAU
H2ELN1	TER_NICLA
H8ZM70	LAS_ABIBA
H9T8G6	CDIA9_BURPE
K4LLQ2	VSP_BOTBA
K8DWB5	CA1D_CONTE
M0R8U1	DYH5_RAT
N0A5N4	VAE2_GLOHA
O02827	MYLK_SHEEP
O08615	OXLA_MUSSP
O13147	EPHB3_DANRE
O13148	EPA4A_DANRE
O16076	HSP83_DROPE
O18866	KCMA1_PIG
O18867	KCMA1_MACMU
O18964	SYNJ1_BOVIN
O35116	CTND2_RAT
O35750	SHOX2_RAT
O43948	PK4_PLAFA
O55036	TERF1_CRIGR
O55075	CADH2_CRIGR
O57672	G3P_MELGA
O62846	KAPCG_MACMU
O66200	CH60_ENTAG
O73693	EGR1_TAEGU
O73707	CAC1C_CHICK
O73792	TIE1_DANRE
O77503	AGO2_RABIT
O77811	TRFL_HORSE
O88902	PTN23_RAT
O89042	DPOLA_RAT
O93574	RELN_CHICK
O97531	KCNQ1_FELCA
P00594	PA21B_HORSE
P00627	PA2B6_BUNFA
P00628	PA2BV_BUNFA
P00629	PA2B3_BUNFA
P00745	PROC_BOVIN
P00981	VKTHK_DENPO
P01485	SCX3_BUTOC
P01895	HA1Y_MOUSE
P02460	CO2A1_CHICK
P02562	MYSS_RABIT
P02674	FIBA1_PETMA
P03155	DPOL_HBVD1
P03318	POLN_MIDDV
P03360	POL_AVIRE
P04227	HA2Q_MOUSE
P04366	AMBP_PIG
P04404	CMGA_PIG
P04810	HSP83_DROSI
P04811	HSP83_DROVI
P05128	KPCG_BOVIN
P05207	KAP2_PIG
P05889	GAG_HV1W2
P05960	POL_HV1C4
P06346	HB2F_MOUSE
P06442	POLG_HAVCR
P06814	CAN2_RABIT
P06815	CAN1_RABIT
P07156	HMGB1_CRIGR
P08460	NID1_RAT
P09011	MIP_RAT
P09732	POLG_STEVM
P0C195	CM3A_CONKI
P0C1D0	CA1A_CONRE
P0C2D1	OXLA_BOTPI
P0C2D4	OXLA_NAJKA
P0C2D7	OXLA_VIPBB
P0C2S4	GUND_ACETH
P0C2W5	GBRB2_BOVIN
P0C577	VSPG_BITGA
P0C5E3	PALLD_RAT
P0C6E8	VM3G1_TRIGA
P0C6R9	VM3A_BOTAL
P0C7B1	VM3BG_BOTAL
P0CC16	OXLA_AGKCL
P0CE82	A1HB2_LOXIN
P0CE84	A1IA2_LOXIN
P0CH24	CA1_CONAH
P0CH38	FBSP1_RAT
P0CT33	TLH1_SCHPO
P0CY66	O168_CONBU
P0DI88	OXLA_BOTJA
P0DI89	OXLA_BOTLC
P0DI90	OXLA2_DABRR
P0DI91	OXLA_NAJOX
P0DJ42	VM1CR_CROAT
P0DJ43	VM3_MICIK
P0DJ44	VM3_VIPAA
P0DJE1	VM1B1_BOTAT
P0DJE2	VM3A_VIPAA
P0DJF0	VSP48_BOTJR
P0DJG3	VSP1_BOTAN
P0DJG7	VSP2_DEIAC
P0DJH3	VMP3A_DEIAC
P0DJH5	VM3DM_DABSI
P0DJJ6	VM1B_BOTLC
P0DKZ0	CKR1B_CONRO
P0DL26	VSP27_BOTPI
P0DL27	VSP41_BOTPI
P0DL29	VM1_BOTPI
P0DM51	PA2B1_BOTPA
P0DMB6	PA11_VESVE
P0DMB7	PA12A_VESVE
P0DMB8	PA12B_VESVE
P0DPS3	VASP1_VIPAA
P0DQD1	PLA2_WALAE
P0DQH9	OXLAB_CERCE
P0DQP9	PA2B1_BOTBZ
P0DRC8	VM1_MACLN
P0DTM5	ENV_RSVSA
P0DUG4	PA2TI_NAJHH
P0DUN0	PA23_BOTHY
P0DUN3	PA2A1_BOTBZ
P0DUN4	PA2A2_BOTBZ
P0DUN5	PA2_BOTBS
P0DV78	OXLA2_BOTJR
P11280	COLI_NEOVI
P11960	ODBA_RAT
P12105	CO3A1_CHICK
P12300	GLGL3_WHEAT
P12343	AATC_RABIT
P12478	NEF_HV1Z2
P12498	POL_HV1J3
P13387	EGFR_CHICK
P13750	1B01_PANTR
P13838	LEUK_RAT
P13888	POLN_RRVT
P14403	POLG_JAEVN
P14411	PA2BA_BUNFA
P14422	PA2GA_RABIT
P14428	HA1Q_MOUSE
P14431	HA19_MOUSE
P14438	HA2U_MOUSE
P14683	CLUS_MESAU
P16212	HLAE_PONPY
P16293	FA9_PIG
P17347	VM2EA_ECHCS
P17571	NIA1_MAIZE
P18356	POLG_DEN2U
P18651	FGF1_CANLF
P19026	CDC21_PEA
P20002	FGF1_PIG
P20063	LDLR_RABIT
P20234	POLG_OMV
P20305	GELS_PIG
P21252	COLI_LOXAF
P22687	CETP_RABIT
P23097	MMP13_RAT
P23150	HA2J_MOUSE
P24856	ANP_NOTNE
P24923	CDC21_MEDSA
P25220	POLS_IBDVP
P26634	EGR2_CERTH
P27158	KITH_RAT
P27443	MAOM_ASCSU
P27596	ANF_CAVPO
P27912	POLG_DEN1A
P27913	POLG_DEN1C
P27914	POLG_DEN2T
P27954	POLG_HCVE1
P27955	POLG_HCVH7
P27956	POLG_HCVH8
P27957	POLG_HCVTH
P27959	POLG_HCVJ2
P27960	POLG_HCVJ5
P27961	POLG_HCVJ7
P29165	POLG_YEFV8
P29183	LIPP_HORSE
P29216	A4_MACMU
P29321	EPHA8_RAT
P30026	POLG_DEN2D
P30122	CEL_BOVIN
P30124	HEM2_PEA
P30431	VM3JA_BOTJA
P30930	LCAT_PIG
P31287	WNT6_XENLA
P31503	PO2F1_RAT
P31669	PARP1_XENLA
P31788	POLG_HAVSC
P32362	DCUP_RAT
P32649	VIP_RABIT
P33198	IDHP_PIG
P33266	CP2E1_MACFA
P33433	HRG_BOVIN
P34935	BIP_PIG
P35547	GCR_SHEEP
P37142	AKH_DAUCA
P38551	TGFR2_PIG
P41694	IGF2_NEOVI
P48799	FGF2_RABIT
P48820	RBP2_BOVIN
P48829	ZP2_RABIT
P48833	ZP3_RABIT
P49136	MAPK2_CRILO
P49139	MAPK2_RABIT
P49274	AMY_DERPT
P49699	ANDR_RABIT
P49743	RXRB_RAT
P49885	ESR1_SHEEP
P49886	ESR1_MACMU
P49953	WT1_SMIMA
P50902	WT1_ALLMI
P50983	CA1_CONIM
P51640	G3P_MESAU
P51743	TNFA_CEREL
P51952	CDK7_RAT
P52307	5NTD_RHIMP
P52649	CY24B_PIG
P52949	HXA5_RAT
P52953	MSX2_RAT
P53534	PYGB_RAT
P53590	SUCB2_PIG
P53710	ITA2_BOVIN
P55156	MTP_BOVIN
P55232	GLGS_BETVU
P55736	BLVRB_AQUCT
P59722	EGLN1_RAT
P59890	H2A_HIPHI
P60043	PA2B1_NAJSG
P60044	PA2A2_NAJSG
P61584	ROCK1_PANTR
P61798	APTX_CHICK
P69502	A1XA_LOXGA
P69735	RB3GP_RAT
P70486	ATRX_RAT
P70619	GSHR_RAT
P70685	G3P_CAVPO
P79801	PSN2_MICMU
P79892	P53_HORSE
P80012	VWF_BOVIN
P80225	B4GT1_RAT
P80236	RAC1_CAVPO
P80571	DEFI_MYTGA
P81036	SODC_LAMCR
P81123	KC1D_RABIT
P81140	GCDH_PIG
P81375	OXLA_MACLB
P81563	MMP1_RAT
P81747	ADHN_RHOER
P81903	H2B1_ICTPU
P82679	MMKMO_RHOER
P82798	ATRX_NOTEU
P83238	OSTCN_DANRE
P83268	IF2A_RABIT
P83581	HS74L_RAT
P83654	ERVC1_TABDI
P83686	NB5R3_PIG
P83863	H2B_PENVA
P84035	VM3BA_BOTAS
P84109	SRBS1_RAT
P84736	PA2_TRILM
P85051	DYR1A_RABIT
P85136	CARDE_CYNCA
P85137	CARDF_CYNCA
P85138	CARDG_CYNCA
P85139	CARDH_CYNCA
P85975	VMPAR_HIPPR
P86092	VM3LB_BOTLC
P86195	KAD1_MESAU
P86206	CH60_MESAU
P86215	PRDX6_MESAU
P86252	PURA_RAT
P86312	OSTCN_CAMHE
P86327	LACC2_CERUI
P86328	LACC1_CERUI
P86516	CBP1_SABMA
P86523	PA2AA_ACAAN
P86535	OXLA1_DABRR
P86780	PA2_BUNCI
P93157	ANX1_GOSHI
P93198	2SS_JUGRE
P97266	OPRM_CAVPO
P97603	NEO1_RAT
P97607	JAG2_RAT
P98093	CO3_ONCMY
Q00081	GLGL1_SOLTU
Q01403	POLG_HCVHK
Q01404	POLG_HCVH4
Q01635	LAMB1_CHICK
Q01681	POLG_PPVEA
Q02020	FIBB_CHICK
Q02315	CP51_PICKU
Q03297	PER_DROWI
Q03355	PER_DROSI
Q05028	PDGFB_RAT
Q05688	IGF1R_BOVIN
Q05794	POLG_HAVHA
Q07192	MP2K2_XENLA
Q07494	EPHB1_CHICK
Q07498	EPHB3_CHICK
Q07598	SCP2_CHICK
Q07722	PLCB4_BOVIN
Q08279	IGF2_CAVPO
Q08824	PARP1_ONCMA
Q09136	AAPK1_PIG
Q1L777	CA1A_CONPR
Q1PHZ4	VM3B1_BOTJR
Q28265	KCMA1_CANLF
Q28275	FINC_CANLF
Q28280	A4_CANLF
Q28284	CD44_CANLF
Q28553	CXCR4_SHEEP
Q28554	G3P_SHEEP
Q28640	HRG_RABIT
Q28661	PROC_RABIT
Q28748	A4_RABIT
Q28749	FINC_RABIT
Q28757	A4_SHEEP
Q28758	APOA4_PAPAN
Q28832	LDLR_PIG
Q28833	VWF_PIG
Q28858	CSPG2_MACNE
Q28901	F263_BOVIN
Q28995	APOE_SAISC
Q29149	A4_URSMA
Q29238	CLIC1_PIG
Q29480	P53_EQUAS
Q33884	CCMF2_ARATH
Q43843	RPE_SOLTU
Q4F867	OXLA_DABSI
Q4ZFU2	A1LB1_LOXAR
Q5EE04	TPR_XENLA
Q5EG65	POLG_HCVGL
Q5G290	PA2A6_NAJSG
Q5G291	PA2A5_NAJSG
Q5R1W1	SEPT7_PANTR
Q5RDH5	AAPK1_PONAB
Q60487	FGF2_CAVPO
Q60524	MDM2_MESAU
Q60529	RASH_MESAU
Q62635	MUC2_RAT
Q62774	MYO1A_RAT
Q62809	NOGG_RAT
Q62935	VWF_RAT
Q63619	COQ7_RAT
Q63648	MERL_RAT
Q63688	CP7B1_RAT
Q63862	MYH11_RAT
Q64201	OTX2_RAT
Q64202	DLX1_RAT
Q64204	DLX2_RAT
Q64531	HPRT_MUSSP
Q64662	P53_OTOBE
Q698K8	VM2L4_GLOBR
Q6DPK2	NRAM_I02A1
Q6DPQ7	M2_I02A7
Q6DPU3	M2_I02A1
Q6H9K0	PGLR2_PLAAC
Q6I6M7	FGF1_CYNPY
Q6RET6	CCAMK_PEA
Q6RY98	SRTXL_ATRMM
Q6SLM0	PA2B3_BUNCE
Q6SLM1	PA2B5_BUNCE
Q6SLM2	PA2A1_BUNCE
Q6T179	PA2A4_NAJSG
Q6T271	VM2BI_BITGA
Q6TGQ9	OXLA1_BOTJR
Q70US9	VOLK_ADEVO
Q7SIF8	FGF1_NOTVI
Q7T1M3	BNP_BOTJR
Q7T1T4	VM1B2_BOTJR
Q7T3T5	PA2AB_DABSI
Q7YR25	ABC3G_CHLAE
Q811C4	DLDH_MESAU
Q8CFM6	STAB2_RAT
Q8GZP6	ANAO2_ANAOC
Q8K4G6	MACD1_RAT
Q8MIT6	ROCK1_BOVIN
Q90955	TEBP_CHICK
Q90WC0	VM2HS_GLOBR
Q91009	NTRK1_CHICK
Q91447	MP2K1_SERCA
Q91736	EPB1B_XENLA
Q91ZP6	NFIP2_MOUSE
Q92108	ANXA1_CHICK
Q95167	KCNB2_CANLF
Q95332	BHMT1_PIG
Q969B0	KIN13_GIAIN
Q98930	SORL_CHICK
Q99285	H2B_PEA
Q99P96	HDAC7_RAT
Q9AWB2	SIR_SOYBN
Q9DDD0	NRX1A_CHICK
Q9EPI1	XYLT1_RAT
Q9EPQ0	NCKX3_RAT
Q9EPU2	NCOA3_RAT
Q9ERA9	TOR1A_CRICR
Q9ERB4	CSPG2_RAT
Q9ESP7	ATS4_RAT
Q9FY35	PRR3_HESAR
Q9GKX2	DHRS4_RABIT
Q9GL10	ACRO_SHEEP
Q9IAC6	MCR_ONCMY
Q9JI55	PLEC_CRIGR
Q9JLI4	NCOA6_RAT
Q9N0Z4	AT11B_RABIT
Q9N1S8	FGF1_CAPCA
Q9PRP4	VSPF_LACMR
Q9PTA1	PA2BA_BUNMU
Q9PVF0	PA2AB_CALRH
Q9PVF1	PA2AA_CALRH
Q9QPN3	NEF_HV1LA
Q9QYP2	CELR2_RAT
Q9R168	SFRP1_RAT
Q9RDT3	WALK_STAAU
Q9SPL3	AMP23_MACIN
Q9TU09	LEP_HORSE
Q9TU23	CE290_BOVIN
Q9URQ0	ALS2_CANAX
Q9WUB5	NCOR1_RAT
Q9WVC1	SLIT2_RAT
Q9YGD2	SUCA_COLLI
Q9YI37	SUCB1_COLLI
Q9Z1C7	RPGF4_RAT
Q9Z2J9	RUNX2_RAT
U3KRF8	SGSL_TRIAN
W8EFS0	V5NTD_MACLB
X2L4E2	OXLA_BOTPC
A0A024BTN9	OXLA_BOTSC
A0A068B0Z6	CA13B_CONLT
A0A0S1TP26	C76H2_SALPM
A0A1C9ZP88	LP9A_GLOTR
A0A1X9IRP7	CPS2_ISORU
A0A1X9ISN9	CPS5_ISORU
A0A1X9ISP7	KSL2_ISORU
A0A2I4HXH5	V5NTD_NAJAT
A0A345BJQ0	CLZ20_COCLU
A0A3G1QTU5	CPS3_ISOER
A0A3G6IHA6	O16A_CONAD
A0A4Y5X1A7	CESS3_CONMO
A0A6M3Z554	TX11A_TETBN
A0SPI0	MASTC_VESMG
A0ZSF4	MAP1_MIZYE
A0ZSF6	MAC1_CRANI
A0ZSF7	MAC2_CRANI
A1IVR8	3L21_BUNCA
A1X8D8	CA12_CONPL
A2EF58	PFP3_TRIV3
A2SY66	VICHY_VICSN
A3M072	LONM_PICST
A5DCV3	RPB1_PICGU
A5JTQ2	XYL1_MEDSV
A7TUG9	HEXA_DOTSE
A8C8J5	M2_I07A0
A8JAM0	DRC7_CHLRE
A8QL48	VM3_BUNFA
A8QL58	OXLA_NAJAT
A8WH69	PRC3A_XENLA
B1NRQ8	CYVE_VIOBI
B2KKV7	A1IB2_LOXIN
B2KKV8	A1IA3_LOXIN
B2LSD2	MUCIN_MUCPR
B3A0L4	LAC1_HERCO
B3A0N1	VPA_BOTAT
B3EWG2	LACC_LEPMG
B3EWP2	HYAL_CRODU
B3EWP3	DEF1_ARAHY
B3EWP4	DEF2_ARAHY
B3EWR5	HEXL_LUPAL
B3KYH4	TPA_PELSA
B3KYH6	TPC_PELSA
B9W4V8	APO1_COPRA
C0HJB2	LAC_SANBA
C0HJF7	ITR1_JATCU
C0HJN7	CO1A1_TAPTE
C0HJP5	CO1A1_MACSX
C0HJP7	CO1A1_TOXSP
C0HJP9	PLA23_BOTDP
C0HJT8	HBA_DISEL
C0HJU2	VM11_BOTPA
C0HJW7	MANA_LABPU
C0HJY2	PRVN_THEPV
C0HJZ2	HBA_SOMMI
C0HJZ3	HBB1_SOMMI
C0HJZ4	HBB2_SOMMI
C0HJZ5	HBB3_SOMMI
C0HK14	LEC_MORIN
C0HKC5	CBP2_MOROL
C0HKQ3	KTI1_INGVE
C0HL97	VM3_CROVE
C0HLA3	VSP4_LACMR
C0HLG9	CO1A1_BRAVA
C0HLH5	CO1A1_NEODO
C0HLI1	CO1A1_DOESX
C0HLI5	CO1A1_SCESX
C0HLJ9	CO1A1_PARHA
C0HLV0	GUN1_FOMML
C0HM15	SCX2_CENHU
C0HM16	SCX3_CENHU
C0HM17	SCX4_CENHU
C0HM18	SCX5_CENHU
C0HM79	PA2B1_AGKPL
C0JAQ5	A1IA1_LOXHI
C0JAQ8	A1IA2_LOXHI
C0JAQ9	A1IA3_LOXHI
C0JAR0	A1IA4_LOXHI
C0JAR2	A1IA5_LOXHI
C0JAR3	A1IA6_LOXHI
C0JAR7	A1IA7_LOXHI
C0JAR8	A1IA8_LOXHI
C0JAR9	A1IB1_LOXHI
C0JAS0	A1IB2_LOXHI
C0JAS1	A1IB3_LOXHI
C0JAS2	A1IB4_LOXHI
C0JAS3	A1IB5_LOXHI
C0JAS4	A1IB6_LOXHI
C0JAS6	A1I1_LOXSP
C0JAS7	A1I2_LOXSP
C0JAS8	A1I3_LOXSP
C0JAT3	A1I4_LOXSP
C0JAT4	A1H1_LOXHI
C0JAT5	A1H2_LOXHI
C0JAT6	A1H3_LOXHI
C0JAT8	A1H4_LOXHI
C0JAT9	A1H1_LOXSP
C0JAU1	A1H2_LOXSP
C0JAU2	A1H3_LOXSP
C0JAU3	A1L_LOXAP
C0JAU4	A1LB2_LOXAR
C0JAU5	A1L_LOXDE
C0JAU6	A1LC_LOXAR
C0JAU7	A1L1_LOXSA
C0JAU8	A1L2_LOXSA
C0JAU9	A1L3_LOXSA
C0JAV0	A1KA2_LOXAR
C0JAV1	A1KA3_LOXAR
C0JAV2	A1KA4_LOXAR
C0JAV3	A1KA1_LOXAP
C0JAV4	A1KA2_LOXAP
C0JAV5	A1KA3_LOXAP
C0JAV6	A1KA4_LOXAP
C0JAV7	A1KC_LOXAP
C0JAV8	A1KB1_LOXAP
C0JAV9	A1KB2_LOXAP
C0JAW0	A1KB_LOXAR
C0JAW2	A1KB3_LOXAP
C0JAW3	A1KC_LOXAR
C0JAW4	A1KB1_LOXDE
C0JAW5	A1KB2_LOXDE
C0JAW6	A1KA1_LOXDE
C0JAW7	A1KA2_LOXDE
C0JAW8	A1KA3_LOXDE
C0JAW9	A1KA4_LOXDE
C0JAX0	A1KA5_LOXDE
C0JAX1	A1KA6_LOXDE
C0JAX2	A1MB_LOXDE
C0JAX3	A1MA1_LOXDE
C0JAX4	A1MA2_LOXDE
C0JAX5	A1MA3_LOXDE
C0JAX7	A1MA4_LOXDE
C0JAX9	A1MA5_LOXDE
C0JAY0	A1MA6_LOXDE
C0JAY1	A1KA1_LOXSA
C0JAY2	A1KB1_LOXSA
C0JAY3	A1KB2_LOXSA
C0JAY4	A1KA2_LOXSA
C0JAY5	A1KA3_LOXSA
C0JAY8	A1KA4_LOXSA
C0JAY9	A1KA5_LOXSA
C0JAZ0	A1KA6_LOXSA
C0JAZ1	A1OA1_LOXVA
C0JAZ2	A1OA2_LOXVA
C0JAZ3	A1OA3_LOXVA
C0JAZ4	A1OB1_LOXVA
C0JAZ5	A1OB2_LOXVA
C0JAZ6	A1OB3_LOXVA
C0JAZ7	A1OB4_LOXVA
C0JAZ8	A1OB5_LOXVA
C0JAZ9	A1O_LOXAM
C0JB00	A1OB_LOXRU
C0JB01	A1OC_LOXRU
C0JB02	A1OD_LOXRU
C0JB03	A1OA_LOXRU
C0JB04	A1P_LOXRU
C0JB05	A21_LOXSP
C0JB06	A21_LOXVA
C0JB07	A21_LOXAP
C0JB08	A21_LOXAR
C0JB09	A31_LOXAR
C0JB10	A311_LOXS4
C0JB11	A312_LOXS4
C0JB12	A332_LOXLA
C0JB13	A333_LOXLA
C0JB14	A411_LOXHI
C0JB15	A412_LOXHI
C0JB16	A413_LOXHI
C0JB17	A42_LOXHI
C0JB18	A411_LOXAM
C0JB19	A412_LOXAM
C0JB20	A413_LOXAM
C0JB21	A41_LOXRU
C0JB22	A41_LOXAR
C0JB23	A411_LOXLA
C0JB24	A412_LOXLA
C0JB25	A421_LOXLA
C0JB26	A422_LOXLA
C0JB27	A423_LOXLA
C0JB28	A424_LOXLA
C0JB29	A43_LOXLA
C0JB30	A71_LOXAR
C0JB31	A611_LOXHI
C0JB32	A612_LOXHI
C0JB33	B1M_SICPE
C0JB34	B1N_SICPE
C0JB35	B1KA_SICPE
C0JB36	B1KB_SICPE
C0JB37	B1LA_SICPE
C0JB38	B1LB_SICPE
C0JB39	B1O_SICTE
C0JB40	B1O_LOXCS
C0JB41	B1S1_LOXSN
C0JB42	B1S2_LOXSN
C0JB43	B1S3_LOXSN
C0JB44	B1T1_LOXSN
C0JB45	B1T2_LOXSN
C0JB46	B1U1_LOXSN
C0JB47	B1U2_LOXSN
C0JB48	B1S_LOXAS
C0JB49	B1R1_LOXSN
C0JB50	B1R2_LOXSN
C0JB51	B1R_LOXAS
C0JB52	B1V_SICPA
C0JB53	B1V_SICPE
C0JB54	B1V_SICTE
C0JB55	B1V_SICCD
C0JB56	B2J1_SICPE
C0JB57	B2J2_SICPE
C0JB58	B2I2_SICPE
C0JB60	B2I1_SICPE
C0JB61	B2I3_SICPE
C0JB62	B2I4_SICPE
C0JB65	B2I5_SICPE
C0JB67	B2H_SICPE
C0JB68	B2H_SICPA
C0JB69	B2I_SICPA
C0JB70	B2J_SICPA
C0JB71	B2KB1_SICCD
C0JB72	B2KB2_SICCD
C0JB73	B2KB3_SICCD
C0JB74	B2KB4_SICCD
C0JB75	B2KB5_SICCD
C0JB76	B2KA1_SICCD
C0JB77	B2KA2_SICCD
C0JB78	B2KA3_SICCD
C0JB79	B2KA4_SICCD
C0JB80	B2KB6_SICCD
C0JB81	B2KB7_SICCD
C0JB82	B2KB8_SICCD
C0JB83	B2KB9_SICCD
C0JB84	B2KBA_SICCD
C0JB85	B2KBB_SICCD
C0JB86	B2KBC_SICCD
C0JB87	B2KBD_SICCD
C0JB88	B2KBE_SICCD
C0JB89	B2L1_SICCD
C0JB90	B2L2_SICCD
C0JB91	B2K_SICAL
C0JB92	B31_LOXSN
C0JB93	B32_LOXSN
C0JB94	B312_LOXSN
C0SJS2	C71AJ_PASSA
C0SJS3	ANGS_PASSA
C1IC45	PA2A2_WALAE
C1IC46	PA2A1_WALAE
C5H5D1	VM31_CRODC
C5H5D4	VM33_BOTAT
D0VWR1	PSBB_THEVL
D0VWR3	PSB30_THEVL
D0VWR7	PSBC_THEVL
D2YW39	SLEC_CALRH
D4YWD0	TPD_PELSA
E5D3Z9	A32B_LOXLA
E7CAU3	SCU1_MESMA
E9LVH8	PETH1_THECS
G1CWH0	CYC1_CLITE
G1CWH4	CYC5_CLITE
G3ESV0	FATB2_CUPVI
G3KIM3	LCDB_ANAPI
G3KIM4	LCDA_ANAPI
H9T8G4	CDIA8_BURPE
K4RNX9	CA1B_CONTE
K7NCP5	SIDN_EPIFI
K9N7B7	OXLA_CRODM
N0AAE6	VAE1_GLOHA
O02467	ASPG_SPOFR
O03515	COX1_APTAU
O03521	COX1_CASBE
O03524	COX1_DRONO
O03539	COX1_NOTPE
O03546	COX1_RHEAM
O03554	COX1_TINMA
O04435	RBL_PERSE
O08593	PDE7A_RAT
O12944	RAD54_CHICK
O13071	HBE_CALGE
O13234	SHH_DEVAE
O13235	SHH_DANAA
O13238	SHH_DANAT
O13241	SHH_DEVDE
O13247	SHH_DEVMA
O13250	SHH_DEVPA
O18750	ENPL_RABIT
O18851	AOFA_SHEEP
O18911	OPSG_ODOVI
O18935	ADA2B_AMBHO
O19012	ADA2B_ERIEU
O19014	ADA2B_ELEMA
O19054	ADA2B_PROHA
O19072	OTC_PIG
O19091	ADA2B_TALEU
O19114	NOS2_RABIT
O19175	KC1A_PIG
O19872	RBL_BIXOR
O19989	RBL_GONAR
O20304	RBL_CASFS
O20346	RBL_CLITE
O24396	PURA_WHEAT
O31411	SACC_BACL7
O34191	CH60_ANAPH
O34194	CH60_EHRCA
O34198	CH60_RICRI
O35439	MOT1_MERUN
O42224	SMO_CHICK
O42295	THA_APTPA
O42398	CAC1S_CHICK
O42412	IOD3_CHICK
O42450	THA_PYGAD
O46634	CD166_CANLF
O46651	CD166_RABIT
O46660	NOS2_MACMU
O62682	FGF8_CANLF
O62970	RBL_GLYEC
O65819	H2B3_SOLLC
O66190	CH60_ENTAS
O66192	CH60_KLUIN
O66194	CH60_PLUGE
O66196	CH60_LELAM
O66202	CH60_SERRU
O66204	CH60_SERFI
O66206	CH60_SERMA
O66210	CH60_KLEOX
O66212	CH60_RAOPL
O66214	CH60_RAOOR
O66218	CH60_PANAN
O66220	CH60_PECCC
O66222	CH60_ERWAP
O70431	ADRB2_MERUN
O73691	EGR1_CHICK
O73692	EGR1_COTJA
O73694	EGR1_SERCA
O73706	CAC1B_CHICK
O73718	TBX3_CHICK
O74660	ALS4_CANAX
O77621	ADA1A_CANLF
O77697	AQP2_AMBHO
O77700	ADA2B_BOVIN
O77714	AQP2_DUGDU
O77721	ADA2B_HORSE
O77722	AQP2_ERIEU
O77740	AQP2_TALEU
O78258	RBL_ABIFI
O78259	RBL_ABIHO
O78260	RBL_ABIVE
O78261	RBL_ABIMR
O78262	RBL_ABISA
O86404	OTC_NEIPE
O88426	NDK6_RAT
O93416	LEP_MELGA
O93474	NTF7_CYPCA
O97578	CATC_CANLF
O97580	SUCB1_PIG
O97581	LHX3_PIG
O98360	RBL_PTYGA
O98664	RBL_KIGAF
O98668	RBL_PANJS
O98671	RBL_TECST
O98681	RBL_ZAMZA
O98890	RBL_HALCL
O99000	RBL_ADEOB
O99001	RBL_BEAGR
P00368	DHE3_CHICK
P00906	TRPG_SHIDY
P01010	A1AT_PAPAN
P01030	CO4_BOVIN
P01176	NEU1_HORSE
P01181	NEU2_SHEEP
P01184	NEU2_BALPH
P01197	COLI_SQUAC
P01284	VIP_PIG
P01304	NPY_PIG
P01359	TFF2_PIG
P01495	SCX2_CENNO
P02280	H2B_CRONI
P02553	TBA_LYTPI
P02678	FIBB_PETMA
P02704	COLA_HORSE
P02705	COLB_HORSE
P03343	GAG_MMTVG
P03373	GAG_AVIER
P03387	ENV_MSVFB
P03392	ENV_FSVST
P03395	ENV_MLVFR
P03441	HEMA_I79A0
P03444	HEMA_I53A0
P03445	HEMA_I76AH
P03447	HEMA_I75A1
P03450	HEMA_I57A4
P03461	HEMA_INBMD
P03462	HEMA_INBHK
P03479	NRAM_I76A1
P03481	NRAM_I78A0
P03955	PEPC_MACFU
P04026	POL_IPHA
P04159	CB21_PEA
P04193	DCHS_LENBU
P04231	HB23_MOUSE
P04322	GAG_FSVHZ
P04365	IATR_HORSE
P04460	MYH6_RABIT
P04461	MYH7_RABIT
P04462	MYH8_RAT
P04502	ENV_MLVKI
P04566	VIP_CAVPO
P04612	TAT_HV1B5
P04659	HEMA_I60A1
P04660	HEMA_I78AE
P04662	HEMA_I75A5
P04663	HEMA_I70A0
P04664	HEMA_I69A0
P05421	DEM2_PHYSA
P05899	VIF_HV1SC
P06297	COLI_RABIT
P06341	HB2A_RAT
P06431	NS1_FPV
P06595	PHYA5_AVESA
P06640	HBA2_PLEWA
P07420	HBB_DASVI
P07916	ELN_CHICK
P07966	HEMA_INCP3
P07967	HEMA_INCP2
P07968	HEMA_INCP1
P07970	HEMA_INCMI
P07971	HEMA_INCGL
P07973	HEMA_INCEN
P07974	HEMA_INCTA
P07977	HEMA_I83A6
P08221	CB21_CUCSA
P08552	NFM_PIG
P08712	ENPL_MESAU
P08943	THNB_VISAL
P09575	TRPG_PICAN
P09634	HXA7_RAT
P09642	TBA3_CHICK
P09643	TBA4_CHICK
P09645	TBA8_CHICK
P09648	CATL1_CHICK
P09765	HEMA_INBME
P09766	HEMA_INBUS
P09767	HEMA_INBVI
P0C1M8	O27A_CONRA
P0C1Q7	MAST_VESTR
P0C2D2	OXLA_CRODC
P0C2D3	OXLA_ERIMA
P0C2D5	OXLA_PROFL
P0C2K0	A1KB_LOXBO
P0C2K1	AX1_LOXDE
P0C2K2	A1X1_LOXGA
P0C2L0	A1X1_LOXIN
P0C2L1	A3X1_LOXLA
P0C551	PA2A_BUNFA
P0C578	VSP2_OVOOK
P0C590	VSP2_GLOUS
P0C6S0	VM1B1_BOTPA
P0C6S6	VMXJ4_BOTJA
P0C7A9	VM1BJ_BOTJA
P0C8I7	VM3FA_VIPAA
P0C8R2	CA1A_CONAE
P0C932	PA2A1_LACMU
P0C933	PA22_LACMU
P0C944	3SAG_NAJAT
P0CAP0	DBTEW_CARCR
P0CAR8	PA2B_BOTJR
P0CAS1	PA2B6_CRODM
P0CJ40	OXLA_BOTMA
P0CY52	FAXD_NOTSN
P0DI86	OXLA_BOTAL
P0DJ62	PA2A_BOTLC
P0DJ87	VM3L_BOTLC
P0DJE8	VSPDV_BOTJR
P0DJF1	VSP1_BOTPA
P0DJF4	VSPAL_TRIAB
P0DJF7	VSPP_TRIPP
P0DJG5	VSPKA_GLOHA
P0DJH2	VM3AL_TRIAB
P0DJH4	VM3AL_BORPO
P0DJJ1	VM3AH_NAJAT
P0DJJ4	VM3_NAJOX
P0DJJ7	PA2A_OVOMO
P0DJL1	SLB_TRIAB
P0DJM9	PA2B1_CROBA
P0DJN0	PA2B1_CROVE
P0DJN1	PA2B1_CRODM
P0DJN4	PA2B2_CROMT
P0DJN6	PA2BB_CROHD
P0DJN7	PA2B3_CROLL
P0DJP4	PA2AC_TRIPE
P0DJP5	PA2A_DABSI
P0DKH4	F26G_SOLTO
P0DKR0	VM3_BOTMO
P0DKT6	PA2B_BITAR
P0DKT7	PA2CA_OXYSA
P0DKT9	PA2HC_OXYSA
P0DKU0	PA2HG_OXYSA
P0DKX2	VSP1_CRODM
P0DKX3	VSP2_CRODM
P0DKY5	VSP_CRODC
P0DM24	NEMA1_LINLO
P0DM43	VSP_PROJR
P0DM49	PA2X1_BOTPA
P0DM50	PA2X2_BOTPA
P0DM52	PA2B2_BOTPA
P0DM88	VM3_PROJR
P0DM92	APOA1_PANTA
P0DMD1	NGFV_ECHOC
P0DMJ9	PA2H1_BOTMT
P0DMK1	PA23_BOTMT
P0DMU0	VSPJN_PROJR
P0DMU1	VSPJF_PROJR
P0DO53	PIP12_MUSAC
P0DP16	COWA_CONCB
P0DPS2	OXLA_TRIPP
P0DQH3	3SBA_HEMHA
P0DQH4	3SBB_HEMHA
P0DQP2	3SIH_DENJJ
P0DQP6	PA21_CERGO
P0DQS1	NEMA1_LINLC
P0DQS2	NEMA1_LINRU
P0DQV9	LEC_SCOPL
P0DSN5	HEMI2_HEMLE
P0DTM6	ENV_AVISR
P0DUB3	IGHA_EQUAS
P0DUN6	PA2H_BOTNR
P0DUN8	PA2H4_BOTMT
P0DUN9	PA2H_POLOC
P0DUP1	PA2H_BOTDP
P0DUP9	PA2H2_BOTMA
P0DUW8	ACTPA_ACTFR
P0DUW9	ACTPD_ACTFR
P0DV82	PA2_BOTIN
P10448	HEMA_INBBO
P10626	ACRO_CAPHI
P10969	AGI3_WHEAT
P11088	FILA_MOUSE
P11133	HEMA_I78A9
P11134	HEMA_I82A4
P11293	HBSAG_WHV6
P11368	POL_IPMA
P11372	CP2CF_RABIT
P11493	PP2AB_PIG
P11615	ADA1B_CANLF
P12021	MUCAP_PIG
P12031	HCYB_HELPO
P12257	GUB2_HORVU
P12260	F13A_BOVIN
P12298	GLGL1_WHEAT
P12332	CB21_SILLB
P12440	HEMA_INBAA
P12441	HEMA_INBID
P12442	HEMA_INBGL
P12443	HEMA_INBSJ
P12471	CB21_SOYBN
P12480	NEF_HV1J3
P12481	NEF_HV1Z8
P12507	TAT_HV1BN
P12508	TAT_HV1J3
P12509	TAT_HV1W2
P12510	TAT_HV1Z3
P12511	TAT_HV1Z8
P12512	TAT_HV1ZH
P12582	HEMA_I77A6
P12584	HEMA_I80A7
P12585	HEMA_I82A5
P12586	HEMA_I82A6
P12587	HEMA_I85A1
P12588	HEMA_I85A2
P12590	HEMA_I86A0
P12705	INS_TORMA
P12894	POL_IPMAI
P13191	ALAT1_PIG
P13258	CARB_METBA
P13282	H2BS2_ECHES
P13283	H2BS3_ECHES
P13505	CALD1_MELGA
P14057	NFIL_PIG
P14241	L_LYCVW
P14274	CB2A_SOLLC
P14275	CB2C_SOLLC
P14276	CB2E_SOLLC
P14277	CB2F_SOLLC
P14279	CB25_SOLLC
P14338	POLG_DEN22
P14417	APOA_MACMU
P14478	FIBB_RABIT
P14644	PDE4C_RAT
P15192	CB22_PINSY
P15233	PER1C_ARMRU
P15588	G6PD_DIDVI
P15950	KLK3_RAT
P16274	IFEA_HELPO
P16291	FA9_SHEEP
P16292	FA9_RABIT
P16295	FA9_CAVPO
P16392	BIP_HORSE
P16968	IAA1_HORVU
P17003	HEMA_INCHY
P17004	HEMA_INCKY
P17005	HEMA_INCNA
P17129	PSPB_CANLF
P17662	SPIKE_IBVD3
P17686	ELH2_APLPA
P17698	CLUS_SHEEP
P17847	NIR_MAIZE
P18262	RAS_ARTSA
P18439	CD3G_SHEEP
P18478	POLG_WMV2U
P18863	HXB8_RAT
P18865	HXC4_RAT
P18866	HXC8_RAT
P18867	HXD3_RAT
P18880	HEMA_INBYB
P18991	HBB1_SAAHA
P19052	PSBH_THEVL
P19160	RBL_ATRPA
P19370	ACHB2_CARAU
P19535	CADH3_BOVIN
P19640	RNAS1_ODOVI
P20005	VSP1_OVOOK
P20850	CO9A1_RAT
P21778	PFKA2_THET8
P21961	CBPA3_RAT
P22028	VM3B_BOTJA
P22298	SLPI_PIG
P22324	A1AF_CAVPO
P22618	IGF_MYXGL
P23043	CD1D_SYLFL
P23571	3MG_RAT
P23980	PMA2_SOLLC
P24635	TBA_OCTVU
P24707	SODCP_PINSY
P24717	RNAS1_CRIGR
P25403	AMP1_MIRJA
P25413	RBL_AEGCR
P25414	RBL_AEGTA
P25432	BDNF_XENLA
P25434	NTF3_RAJCL
P25508	COCA1_BOVIN
P25829	RBL_CALUS
P25835	RBL_SCHTR
P25836	RBL_SERRE
P25837	RBL_SILGA
P25862	TBB1_AVESA
P25914	CETP_MESAU
P25917	CD19_CAVPO
P26137	HEMA_I82A0
P26143	NRAM_I82A2
P26153	ACHB4_CHICK
P26205	BGLT_TRIRP
P26338	CYAA_TRYEQ
P26429	SC5A1_PIG
P26460	KCRB_SQUAC
P26563	AATM_LUPAN
P26624	GST28_SCHJA
P27045	GNAI3_XENLA
P27123	NASP_RABIT
P27481	LOXB_PHAVU
P27953	POLG_HCVE0
P27969	NIA2_HORVU
P28017	GLMU_PRIMG
P28024	PSB4_XENLA
P28259	RBL_DRYSU
P28261	RBL_NYPFR
P28262	RBL_PHORE
P28376	RBL_ACESA
P28378	RBL_ADOMO
P28379	RBL_APHSI
P28380	RBL_APIGR
P28382	RBL_BARPR
P28383	RBL_BEGMS
P28384	RBL_BETNI
P28385	RBL_BURIN
P28386	RBL_BYBLI
P28387	RBL_BYRCR
P28388	RBL_CALPL
P28389	RBL_CASEQ
P28390	RBL_CEPFO
P28391	RBL_CERGU
P28393	RBL_CORCA
P28394	RBL_CORMY
P28395	RBL_CRARM
P28396	RBL_CYRRA
P28397	RBL_DAPSP
P28398	RBL_DARCA
P28400	RBL_DILIN
P28401	RBL_DIOMU
P28402	RBL_DRIWI
P28403	RBL_DROBI
P28404	RBL_DROBR
P28405	RBL_DROCA
P28406	RBL_DRODC
P28407	RBL_DROFI
P28408	RBL_DROLU
P28409	RBL_DROPA
P28410	RBL_DROPT
P28412	RBL_EPASP
P28413	RBL_ERICA
P28414	RBL_EUCLU
P28415	RBL_EUCUL
P28416	RBL_GAREL
P28417	RBL_PELGR
P28418	RBL_GEUQU
P28419	RBL_HAMMO
P28420	RBL_UNCGR
P28421	RBL_HEDHE
P28422	RBL_HELNU
P28423	RBL_HEUMI
P28424	RBL_HUMBA
P28425	RBL_HYDVI
P28426	RBL_ILECR
P28427	RBL_JASSS
P28428	RBL_JUSOD
P28430	RBL_MANZA
P28431	RBL_MORAL
P28432	RBL_MORCE
P28433	RBL_NELCA
P28434	RBL_NEPAL
P28435	RBL_NYSOG
P28436	RBL_OXADI
P28437	RBL_PARFI
P28438	RBL_PASQU
P28440	RBL_PINCA
P28442	RBL_PLAVR
P28443	RBL_POLCR
P28444	RBL_PROLU
P28445	RBL_PRUDO
P28446	RBL_COMID
P28447	RBL_RHOHI
P28448	RBL_RORGO
P28449	RBL_RUTFR
P28450	RBL_SANCA
P28452	RBL_MICIN
P28453	RBL_SCUBO
P28454	RBL_SECDI
P28455	RBL_SEDRU
P28456	RBL_TASIN
P28457	RBL_THEPO
P28458	RBL_TROAR
P28460	RBL_VITAE
P28467	ACEA_ACICA
P28490	CALR_CANLF
P28730	HEMA_I88A0
P28731	HEMA_I89A5
P29058	HMDH2_HEVBR
P29501	TBB2_PEA
P29502	TBB3_PEA
P29526	OLNB2_BRANA
P29610	CY12_SOLTU
P29616	MYSC_CHICK
P29627	HBBZ_MESAU
P29643	COX1_AMICA
P29644	COX1_ATRSP
P29645	COX1_GEOSD
P29646	COX1_GOMVA
P29647	COX1_LEPOC
P29648	COX1_MEGAT
P29649	COX1_PANBU
P29650	COX1_POLSP
P29651	COX1_POLSX
P29652	COX1_POMNI
P29653	COX1_SALTR
P29654	COX1_SCAPL
P29737	MYR1_SINAL
P29738	MYR2_SINAL
P29804	ODPA_PIG
P29838	POLG_LANVY
P29984	POLG_DEN2H
P30362	ASPG_LUPAR
P30754	CAFF_RIFPA
P30828	RBL_MAGLA
P30984	GTHB2_CTEID
P30985	HTF4_CHICK
P31183	RBL_CORLA
P31184	RBL_DICCR
P31189	RBL_HIPRI
P31197	RBL_PHECO
P31201	RBL_SALPE
P31202	RBL_SALPL
P31212	TD_SOLTU
P31753	RS27A_ASPOF
P31792	POL_FENV1
P31795	POL_MLVRK
P31989	VM2JC_BOTJA
P32540	POLG_ENMG3
P32753	CHLE_SHEEP
P33145	CADHK_CHICK
P33498	ENV_AVIR3
P33536	RBL_OSMCI
P33545	DSC2_BOVIN
P33588	VSPCA_AGKBI
P33624	TBA2_ANEPH
P33626	TBA4_MAIZE
P33632	TBB3_ANEPH
P34039	DCAM_ACACA
P34767	RBL_ALIPL
P34973	DRD2B_XENLA
P35033	TRY3_SALSA
P35382	5HT2A_CAVPO
P35509	KC1G3_BOVIN
P35946	L_PHODV
P36287	POLG_SMSV4
P36477	RBL_BOTST
P36478	RBL_ANTGA
P36479	RBL_ASACA
P36480	RBL_ASCEX
P36481	RBL_BERLA
P36482	RBL_BUDDA
P36483	RBL_CALDI
P36484	RBL_CHIAL
P36485	RBL_SALDI
P36486	RBL_SAUCE
P36487	RBL_SESIN
P36488	RBL_SPIMR
P36489	RBL_STRNX
P36490	RBL_VERBO
P36576	ARRC_RAT
P37222	MAOC_SOLLC
P37300	O17C_CONMA
P39457	PLB1_PENCH
P39881	CUX1_CANLF
P40245	PRIO_AOTTR
P40246	PRIO_ATEGE
P40248	PRIO_PLEMO
P40255	PRIO_MANSP
P41522	INS_ANGAN
P41693	IL6_NEOVI
P41725	PGCB_FELCA
P42817	GLMU_BACCL
P43223	RBL_ADIPE
P43224	RBL_ANTRE
P43225	RBL_ARTBA
P43226	RBL_BLEOR
P43227	RBL_CHEBI
P43228	RBL_CIBBA
P43229	RBL_VANST
P43257	HEMA_I75A2
P43258	HEMA_I76AD
P43259	HEMA_I77A7
P43260	HEMA_I76AC
P43284	TRPB2_MAIZE
P43290	CDC2_PETHY
P43367	CAN2_PIG
P43649	STC_ONCNE
P45701	MA1A1_RABIT
P46103	DRTS_PLAVN
P46161	DEFB3_BOVIN
P46167	DEFB9_BOVIN
P46529	CDN1B_NEOVI
P48069	RBL_EUGAN
P48070	RBL_EUGGE
P48670	VIME_CRIGR
P48697	RBL_CUCPE
P48698	RBL_DATST
P48699	RBL_DENCL
P48700	RBL_DIACA
P48701	RBL_DICAN
P48703	RBL_FRAAN
P48704	RBL_GINBI
P48705	RBL_GLEJA
P48707	RBL_MATST
P48708	RBL_MOROL
P48710	RBL_ONOSE
P48712	RBL_POLMU
P48715	RBL_SINAL
P48717	RBL_TROMA
P49015	ATP7A_CRIGR
P49020	TMED2_CRIGR
P49054	PAM_STRPY
P49087	VATA_MAIZE
P49252	AMO_LENCU
P49453	CENPC_SHEEP
P49457	DAF_PONPY
P49579	ACHB_XENLA
P49729	UCRI1_TOBAC
P50242	ESR1_SALSA
P50260	TBB2_OOMCK
P50547	PYRG1_CRIGR
P50656	COX1_ANAPL
P51004	PAPO1_XENLA
P51152	RAB12_CANLF
P51455	REL2_PANTR
P51458	IGF1_HORSE
P51524	PF11_PIG
P51994	RBL_BAMML
P52403	CHI1_SOLTU
P52404	CHI2_SOLTU
P52405	CHI3_SOLTU
P52406	CHI4_SOLTU
P52476	AL1B1_BOVIN
P52552	PRDX2_PIG
P53371	TBA_AJECA
P53449	ALDOC_CHICK
P53711	ITA2B_PAPCY
P53760	LCAT_CHICK
P54938	NFM_RABIT
P55032	MMP7_FELCA
P55235	GLGS_SPIOL
P55236	GLGL1_SPIOL
P55239	GLGL2_HORVU
P55240	GLGS_MAIZE
P55244	TGFA_MACMU
P55739	PPP5_RABIT
P55749	PEP1_ASPNG
P55787	CO4A4_RABIT
P55878	GLI1_CHICK
P55897	H2A_BUFGR
P55927	KAX71_PANIM
P56594	CP2CL_CANLF
P56729	SUIS_PIG
P56823	HCYG_HELPO
P56824	HCYC_SEPOF
P56825	HCYE_SEPOF
P56826	HCYG_SEPOF
P57753	ESR1_MICUN
P58165	AT2B2_OREMO
P58906	LECA_CANBN
P59018	PA2B5_BUNMU
P59067	PA2SA_AUSSU
P59068	PA2SB_AUSSU
P59069	PA2SC_AUSSU
P59070	PA2SD_AUSSU
P59272	RS27A_DAUCA
P60045	PA2A3_NAJSG
P60622	FOG1_DANRE
P61491	CH60_THETH
P61761	PRIO_CERMO
P61762	PRIO_CERNE
P61897	MDH_PECCC
P62789	H4_MEDSA
P62985	RL40_CHICK
P67990	PRIO_LOPAT
P67991	PRIO_MACSY
P68174	STSY_RAUMA
P68251	1433B_SHEEP
P68761	HEMA_INCYA
P69345	MTGA_NEIME
P69476	NEP1_NEPDI
P69572	RBL_LUPAA
P69573	RBL_LUPAB
P69574	RBL_LUPAE
P69575	RBL_LUPAN
P69576	RBL_LUPAR
P69577	RBL_LUPAT
P69578	RBL_LUPAU
P69579	RBL_LUPCO
P69580	RBL_LUPDI
P69581	RBL_LUPHI
P69582	RBL_LUPLA
P69583	RBL_LUPLU
P69584	RBL_LUPMC
P69585	RBL_LUPMU
P69586	RBL_LUPNO
P69587	RBL_LUPPA
P69588	RBL_LUPPE
P69589	RBL_LUPPI
P69590	RBL_LUPPO
P69591	RBL_LUPPR
P69658	CA1A_CONPU
P79144	AQP2_CANLF
P79164	AQP2_DASNO
P79165	AQP2_HORSE
P79168	AQP2_ELEMA
P79178	FPR3_GORGO
P79188	C5AR1_MACMU
P79191	FPR3_MACMU
P79200	AQP2_ORYAF
P79213	AQP2_RABIT
P79229	AQP2_PROHA
P79234	C5AR1_PONPY
P79243	FPR3_PANTR
P79368	SCF_SHEEP
P79373	PRGR_NOTEU
P79399	5HT1B_PIG
P79400	5HT1D_PIG
P79402	CP242_PIG
P79682	SHH_AMBCH
P79699	CP19A_COTJA
P79709	SHH_DANKE
P79717	SHH_DANAP
P79798	OPSD_MYRBE
P79803	AQP2_MACPR
P79807	OPSD_MYRVI
P79808	OPSD_NEOAR
P79809	OPSD_NEOAU
P79838	SHH_PETCC
P79839	SHH_PSEPR
P79850	SHH_PUNTE
P79858	SHH_RASEL
P79864	SHH_TRIHE
P79869	SHH_RASPA
P79901	OPSD_SARMI
P79902	OPSD_SARPU
P79903	OPSD_SARSP
P79911	OPSD_SARTI
P79914	OPSD_SARXA
P79915	SHH_TANAL
P80009	PLMN_CANLF
P80010	PLMN_HORSE
P80081	PTPS_SALSA
P80191	FETUA_RABIT
P80264	NDUS2_SOLTU
P80461	GSHRP_TOBAC
P80647	DLDH_HYMDI
P80740	SODC1_OLEEU
P81038	VSPA_CERCE
P81044	HBAZ_NOTEU
P81124	GSTO_APLCA
P81207	PEPT_FUSNP
P81286	PLMN_SHEEP
P81531	CYPH_BETPN
P81543	FERA_SULME
P81824	VSP1_BOTJA
P81882	VSPT1_BOTJA
P81883	VSPT2_BOTJA
P81884	VSPT3_BOTJA
P81904	H2B3_ICTPU
P82680	GLMK_SEGBR
P82810	MORA_RABIT
P82858	URIC_PUCRE
P82893	PA2B2_TRIST
P83129	SODC_PAROL
P83179	MYRO2_BREBR
P83246	GST_ASADI
P83304	LEC_PARPC
P83414	CECB_HELVI
P83415	CECC_HELVI
P83433	NVSP_ALIVI
P83473	OSTCN_HALDD
P83542	PA1_POLGA
P83610	ALP_FUSCU
P83657	CAT1_COMTR
P83852	CBPD_LOPSP
P84037	SLB_MACLB
P84038	SLA_MACLB
P84118	BURS_PERAM
P84187	SGAT_MAIZE
P84195	XYNA_GLOTR
P84351	OSTCN_HOMNE
P84397	PA2A2_BOTIN
P84408	H1_SALSA
P84596	DRS3_PITHY
P84783	CABM1_MACCH
P84789	PHIG1_PHIGI
P84821	LEC_PENST
P84994	ABP41_LILDA
P85005	VM3PN_PROSR
P85021	CM3B_CONRE
P85045	LYS_BUFGA
P85060	PA22_ACASS
P85061	PA23_ACASS
P85062	PA21_ACASE
P85091	CYFP1_BOVIN
P85097	NARG_BRASZ
P85098	NARH_BRASZ
P85103	VMXP_PHIPA
P85142	PRLA_LYSSX
P85285	NDKB_MERHU
P85286	NDKB_MERGA
P85287	NDKB_MERAP
P85288	NDKB_MERAA
P85289	NDKB_MERPR
P85290	NDKB_MERBI
P85413	RGP1_PHODC
P85421	AAMAT_AMAPH
P85430	LAC2D_CERUI
P85513	GELL_GEOSE
P85841	HYAL1_TITSE
P86010	CUTI1_COLKA
P86144	RIPD1_PHYDI
P86163	OXLA_APLDA
P86200	NAGK_MESAU
P86210	ENOA_MESAU
P86219	ODO2_MESAU
P86220	PHB1_MESAU
P86221	TBB4B_MESAU
P86232	EZRI_MESAU
P86234	TBA3_MESAU
P86249	AMPL_MESAU
P86351	LAC1_GALSP
P86497	VSPR1_BITRH
P86524	PA2HB_ACAAN
P86525	PA2HC_ACAAN
P86687	HUGA_POLPI
P86693	SAMP_SALSA
P86783	2SS_TAROF
P86799	IPLAA_MORAL
P86800	IPLAB_MORAL
P86834	ASPR_HEDJA
P86837	NIVU2_EUPNI
P86906	A4_FELCA
P92120	TBA_ENCHE
P92306	RBL_IRIEN
P92397	RBL_LUPAL
P92401	RBL_LUPDE
P92406	RBL_LUPMI
P92407	RBL_LUPNA
P92445	RBL_ASPEL
P92600	CYB_CORCX
P93596	CP51_WHEAT
P93841	ISPE_SOLLC
P93880	RBL_SENDI
P93890	RBL_ARIGL
P93906	RBL_GLAGU
P93913	RBL_LIRMU
P93936	RBL_WATAN
P93988	RBL_BROCO
P93998	RBL_VACFA
P97267	5HT2B_CAVPO
P98118	PROS_RABIT
P98135	TGFA_SHEEP
P9WIA9	PHLD_MYCTU
Q00573	PBPA_STROR
Q01322	OTC_NEICI
Q01324	OTC_NEILA
Q01326	OTC_NEIMU
Q01912	1A1C_VIGRR
Q01988	UBP11_CANLF
Q02076	ENV_FLVCA
Q02077	ENV_FLVCS
Q02381	POLG_HAVGA
Q02435	BFSP1_RAT
Q02989	LITA_LATTR
Q03238	GRAM_RAT
Q03354	PER_DROSE
Q04962	FA12_CAVPO
Q05049	MUC1_XENLA
Q05554	RBL_ANTMA
Q05579	RBL_CORSA
Q05800	RBL_NELLU
Q05984	RBL_APOCA
Q05985	RBL_BOROF
Q05986	RBL_CALHE
Q05987	RBL_CERJA
Q05988	RBL_CONTR
Q05989	RBL_EXAAF
Q05990	RBL_FOUSP
Q05991	RBL_LIGVU
Q05992	RBL_POLRE
Q05993	RBL_SYMAL
Q05994	RBL_VILCA
Q05995	RBL_VIOSO
Q06478	PA11_DOLMA
Q06602	APD73_APIME
Q07209	RBL_AILAL
Q07210	RBL_COLPU
Q07281	RBL_AKABI
Q07441	ITB5_PAPCY
Q07972	TBAA_PNECA
Q08258	GLTB_HORVU
Q08336	CD4_CERAT
Q08339	CD4_ERYPA
Q09123	SCRK_FUSMR
Q09930	DIRA_CAEEL
Q09MP4	NPS6_ALTBR
Q0CZH1	PYTA_ASPTN
Q0NZX5	VM2JA_BOTJA
Q0QF17	SDHA_MESAU
Q0UI00	ELCA_PHANO
Q10721	SP01_SCEBO
Q10724	PPIM_MAIZE
Q10835	MMP13_XENLA
Q11001	AMPM_MANSE
Q17UY9	PLS4_PITAZ
Q1AGS3	HBB1_ARCGL
Q1EJP4	DMS5_PITAZ
Q1HN31	BDNF_LICTR
Q1HN32	BDNF_ERYJO
Q1HN33	BDNF_LOXBI
Q1HN34	BDNF_ERYCC
Q1HN36	BDNF_ERYJY
Q1HN38	BDNF_XENUN
Q1HN40	BDNF_ASPME
Q1HN42	BDNF_CHISR
Q1KN10	NTF3_LICTR
Q1X6X9	NTF3_CHABO
Q1X6Y7	NTF3_EXIPL
Q1X6Z1	NTF3_BOACO
Q1X6Z2	NTF3_EUNNO
Q1X6Z4	NTF3_CORCI
Q1X6Z5	BDNF_RAMSP
Q1X6Z6	BDNF_CHABO
Q1X6Z7	BDNF_CALRI
Q1X6Z8	BDNF_ERYCN
Q1X6Z9	BDNF_TROHA
Q1X700	BDNF_ANISC
Q1X702	BDNF_ACRJA
Q1X703	BDNF_MORSI
Q1X704	BDNF_EXIPL
Q1X707	BDNF_CANCA
Q1X708	BDNF_BOACO
Q1X709	BDNF_EUNNO
Q1X710	BDNF_EPICE
Q24705	PDM2_DROVI
Q24731	DDX1_DROVI
Q24751	ATPB_DROVI
Q25092	LAMB_HIRME
Q25460	FP1_MYTED
Q27543	PFKA_CALFI
Q28001	S6A17_BOVIN
Q28042	OVGP1_BOVIN
Q28053	A4_BOVIN
Q28083	COBA1_BOVIN
Q28084	CO4A3_BOVIN
Q28315	PROC_CAPHI
Q28333	GLO2_CALJA
Q28380	PROC_HORSE
Q28409	PENK_FELCA
Q28412	PROC_FELCA
Q28480	IDH3A_MACFA
Q28506	PROC_MACMU
Q28516	INSR_MACMU
Q28520	PROS_MACMU
Q28522	ALBU_MACMU
Q28571	THB_SHEEP
Q28585	LSHR_SHEEP
Q28588	GON1_SHEEP
Q28628	AKAP9_RABIT
Q28668	CO1A2_RABIT
Q28670	PGCA_RABIT
Q28747	IL6_ORCOR
Q28772	HTF4_PAPHA
Q28819	IL6_PHOVI
Q28827	CP11A_RABIT
Q28933	IGF1_SUNMU
Q289M6	M2_I00A1
Q29000	IGF1R_PIG
Q29011	PGCA_PIG
Q29074	NGF_PIG
Q29075	NKL_PIG
Q29087	PO3F3_PIG
Q29318	DHSO_PIG
Q29329	SMD2_PIG
Q29442	CO4A4_BOVIN
Q29499	ACES_RABIT
Q29558	MAOX_PIG
Q2EY13	PRTGB_DANRE
Q2F4V2	HEMA_I05A1
Q2LFV4	NRAM_I05A1
Q2MJU7	ODFP2_MESAU
Q2XXL6	NGFV1_AZEFE
Q31655	RBL_AJUCH
Q31669	RBL_ANTHE
Q31672	RBL_ANTLU
Q31674	RBL_ANEME
Q31715	RBL_BERBR
Q31730	RBL_BAURU
Q31738	RBL_BREMA
Q31750	RBL_CALCA
Q31809	RBL_ASPLA
Q31827	RBL_AESPA
Q31859	RBL_ANTVS
Q31946	RBL_CRUAN
Q31948	RBL_CORAT
Q31951	RBL_CAPBA
Q31983	RBL_CORFO
Q31992	RBL_CRUGL
Q32016	RBL_MYRLA
Q32040	RBL_COROB
Q32041	RBL_COROL
Q32042	RBL_COROF
Q32223	RBL_EPHTW
Q32255	RBL_GALAL
Q32256	RBL_GALAP
Q32271	RBL_GALCO
Q32283	RBL_GALEL
Q32303	RBL_GALLU
Q32344	RBL_GALPR
Q32345	RBL_GALPA
Q32360	RBL_GALSC
Q32397	RBL_HYDFO
Q32625	RBL_MORRU
Q32663	RBL_ARGDE
Q32668	RBL_ARGFE
Q32686	RBL_NICPH
Q32699	RBL_NOLSP
Q32770	RBL_PELAN
Q32890	RBL_PELRO
Q32908	RBL_PHUST
Q33015	RBL_PTEVI
Q33050	RBL_RUBTI
Q33062	RBL_SHEAR
Q33101	RBL_SOLGR
Q33162	RBL_BARJA
Q33245	RBL_ULMAL
Q33274	RBL_VALMU
Q33323	RBL_CEPOC
Q33375	COX1_CANSI
Q33383	RBL_CATSP
Q33406	RBL_DEPGR
Q33438	RBL_ERYCG
Q33443	RBL_EREMA
Q33528	RBL_FLERU
Q33600	RBL_LAVLA
Q33619	RBL_MONDI
Q36610	RBL_ONYJA
Q36718	CB120_HORVU
Q36724	COX1_BLAGE
Q36800	RBL_STRLC
Q37227	RBL_IRIGE
Q37328	RBL_EPHSI
Q38773	CDC2B_ANTMA
Q3KR86	MIC60_RAT
Q3SAE9	VNPA_TROCA
Q41059	GLGB2_PEA
Q41238	LOX16_SOLTU
Q41406	RBL2_SYMSP
Q42676	TKTC_CRAPL
Q42813	RBL2_LINPO
Q43154	GSHRP_SPIOL
Q45757	CR6AA_BACTU
Q48883	CH60_MYCAG
Q48884	CH60_MYCAS
Q48900	CH60_MYCAV
Q49025	CH60_MYCCI
Q49093	CH60_MYCCH
Q49155	CH60_MYCFA
Q49160	CH60_MYCFO
Q49373	CH60_MYCGS
Q49374	CH60_MYCGN
Q49375	CH60_MYCGO
Q49564	CH60_MYCIT
Q49594	CH60_MYCKA
Q4PKS0	HOG1_GIBIN
Q4PNJ1	HOG1_FUSCU
Q4ZFU1	A1KA1_LOXAR
Q50212	CH60_MYCMA
Q50220	CH60_MYCMR
Q50255	CH60_MYCNO
Q50270	CH60_MYCPH
Q50271	CH60_MYCPV
Q50373	CH60_MYCRH
Q50382	CH60_MYCSC
Q50383	CH60_MYCSH
Q50826	CH60_MYCUL
Q50827	CH60_MYCVA
Q50833	CSG_METVO
Q50852	CH60_MYCXE
Q52JK6	VIP2_NICBE
Q5FBW2	KLK1_BLABR
Q5J7P3	TOR_TRYCR
Q60397	GNAI3_CRIGR
Q60420	HTF4_MESAU
Q60483	ADRB3_CAVPO
Q60563	SYCP1_MESAU
Q62724	MCM6_RAT
Q62792	NRF1_RAT
Q62814	E2F5_RAT
Q63245	FOXD3_RAT
Q63251	FOXD1_RAT
Q63454	MK04_RAT
Q64425	LIPP_MYOCO
Q65729	POLG_BSTVG
Q66790	POLG_EC16H
Q67344	NRAM_I82A7
Q67369	HEMA_INBBK
Q67370	HEMA_INBGD
Q67371	HEMA_INBHM
Q67372	HEMA_INBIN
Q67373	HEMA_INBHL
Q67374	HEMA_INBNY
Q67375	HEMA_INBP9
Q67376	HEMA_INBSD
Q67377	HEMA_INBP3
Q67378	HEMA_INBTE
Q67379	HEMA_INBTF
Q67380	HEMA_INBVL
Q67381	HEMA_INBVM
Q6DN07	IOD3_SHEEP
Q6DPI6	NRAM_I02A7
Q6DPZ9	HEMA_I03A1
Q6DQ18	HEMA_I02A6
Q6DQ19	HEMA_I02A4
Q6DQ20	HEMA_I02A3
Q6DQ21	HEMA_I02A2
Q6DQ22	HEMA_I02A1
Q6J8E4	NRAM_I03A0
Q6J8E7	HEMA_I02A5
Q6J8F6	HEMA_I03A0
Q6QDR4	CHI3_METAN
Q6WY08	ATLE_CYCAE
Q6X1T6	VM3E6_ECHOC
Q6Y9H0	RBL2_PROMN
Q6YIJ3	PA2A_BUNCA
Q6YNQ0	PA2A3_BUNCA
Q7LZG2	PA2T_OXYSC
Q7LZG3	PA2_PSEPP
Q7M3C1	MYG_AILME
Q7M3P9	HTN_HAEGH
Q7M485	A1X1_LOXRE
Q7SIC3	SODM_VIRHA
Q802I1	PA2AB_BUNCA
Q809V4	NRAM_I01A1
Q80A22	HEMA_I01A3
Q80A26	HEMA_I01A0
Q80A28	HEMA_I01A2
Q80A30	HEMA_I01A1
Q80WA4	NOVA1_RAT
Q865R3	BASI_BOVIN
Q8AY47	PA2B2_BUNCA
Q8AY48	PA2B1_BUNCA
Q8CHM3	T53I2_RAT
Q8HY59	S26A7_RABIT
Q8I6R7	ACN2_ACAGO
Q8MD78	RBL_AMOTI
Q8MJ25	GLUC_SHEEP
Q8UVR5	BAZ1A_XENLA
Q8VXQ7	GAPN_SCEVA
Q8VXQ9	G3PA_SCEVA
Q8WKC9	RBL_PINVI
Q90251	PA2A6_BUNMU
Q90382	THA_CAIMO
Q90478	L1CA1_DANRE
Q90512	ODO2_TAKRU
Q90523	RAG1_GINCI
Q90751	BMP2_CHICK
Q90850	HIC1_CHICK
Q90923	NET3_CHICK
Q90ZT7	R111A_XENLA
Q91025	VIT3_CHICK
Q91424	ESR1_ASPUN
Q91Z80	LIPA4_RAT
Q92037	NOS2_CARAU
Q92043	VM3AA_CROAT
Q92076	DPOG1_CHICK
Q92091	NOS2_ONCMY
Q93CA6	MLRC_SPHSX
Q93DW6	PYRG_MYCCC
Q94KL8	SILD_PODPE
Q95088	SODC_DROPE
Q95150	NTF3_CEREL
Q95174	PRIO_ERYPA
Q95176	PRIO_CERAT
Q95270	PRIO_THEGE
Q95694	RBL_CAMLE
Q95JP6	KAD7_MACFA
Q98987	NEUM_SERCA
Q99028	COMT_PIG
Q99396	CY42_TRYBB
Q99PA3	BASI_CRIGR
Q9AQ96	ILVC_BUCML
Q9AQ97	ILVC_BUCUE
Q9AQ98	ILVC_BUCUL
Q9AQ99	ILVC_BUCUN
Q9AQA0	ILVC_BUCUM
Q9BLM6	TOR_SCHHA
Q9C438	ATG11_PICPA
Q9ERA5	SMC4_MICAR
Q9F5P4	DNAB_MYCIT
Q9FV68	ICO5D_LIMDO
Q9GGX6	RBL_CEDAT
Q9GHP8	RBL_POLSI
Q9GME3	DHB8_CALJA
Q9HH05	DPOL_THEHY
Q9I9K0	FOG1_XENLA
Q9I9R4	VM1N_BOTPA
Q9IA06	FZD2_CHICK
Q9IA31	GLI3_CHICK
Q9IAX6	VM2M2_DEIAC
Q9IAY2	VM1H5_DEIAC
Q9JK96	KCNQ4_RAT
Q9MB35	PERQ_SEDLI
Q9MTE7	RBL_AVECA
Q9MTQ6	RCCR_HORVU
Q9MZA9	VIME_SHEEP
Q9MZD2	FLNB_RABIT
Q9MZS8	CATD_SHEEP
Q9N1E3	CD22_PONPY
Q9N1Q6	SP100_GORGO
Q9N2A7	ACM2_PANTR
Q9N6P4	FZO_DROSI
Q9PRM8	VSPAA_CERCE
Q9PRW2	VSP3_CROAT
Q9PRW3	VSPA2_CROAT
Q9PRW4	VSPA1_CROAT
Q9PS48	VMXCA_CROAT
Q9PSN7	VM3H1_CRORU
Q9PSZ3	ADA11_XENLA
Q9PTA5	PA2BD_BUNMU
Q9PTA6	PA2BC_BUNMU
Q9PTA7	PA2B_BUNMU
Q9PU36	PCLO_CHICK
Q9PU97	PA2B7_BUNMU
Q9PUL2	KTNA1_XENLA
Q9R3D1	OTC_NEIEL
Q9R4Y1	HVOR_PROVU
Q9SEW4	VCL2_JUGRE
Q9SP06	C80B3_PAPSO
Q9SPN0	LLOS1_ARTAN
Q9TT33	HBB_COLGU
Q9TT92	ATS5_BOVIN
Q9TU19	NPHP1_CANLF
Q9TUE1	C5AR1_RABIT
Q9TV70	DHDH_RABIT
Q9WTM2	DDX6_CAVPO
Q9XGN3	GOLS2_AJURE
Q9XPR5	RBL_IDEPO
Q9XQJ6	RBL_PACAQ
Q9XST2	GLUT4_CANLF
Q9XT10	GLUT4_PIG
Q9XZC0	LCTA_LATTR
Q9Y1T5	SUH_DROSI
Q9YGS1	VSPA_DEIAC
Q9YHT3	ESR1_ANOCA
Q9YI36	SUCB2_COLLI
A0A075FBT3	EKS_MARVU
A0A0D1C6P2	CNE1_USTMA
A0A0E3D8L2	PC23_PENCR
A0A0U4AHC3	SIXC_ODODO
A0A0U5AUY6	3SA9_NAJNA
A0A193H2X2	CZS3_CRUCA
A0A193H327	CZS9_CRUCA
A0A1C9ZMC3	LP9C_GLOTR
A0A1L8F1M4	PRC3B_XENLA
A0A1U9VX91	GLTX_GLYTI
A0A1U9X9N3	DXR_THYVU
A0A1U9YI27	VERJ_CLORO
A0A1W6QDI6	TPS6_ISORU
A0A291NVT7	CESS1_CONMO
A0A2I6EDL4	CM3H_CONRE
A0A2I6EDM8	CM3F_CONRE
A0A3G2FQK2	3DPD_HETMG
A0A3G3C7T9	CX64_CONAA
A0A4P8XV20	CA1B_CONVE
A0A4Y5X186	CESS2_CONMO
A0A5P8DI06	KSL1_ISOJA
A0A6B7FA07	VKT2J_RADCR
A0A6B7FEJ3	VKT2K_RADCR
A0A6J1W8N1	PFAF2_GALME
A0A6M3Z4R4	TX2A_TETBN
A0A8B6XS44	ACTL3_HYDVU
A0AAL4	TBA_DICPU
A0AT33	NLTP4_LENCU
A0JMA6	PAX8_XENTR
A1IVR9	3L22_BUNCA
A1XIM1	MEP3_TRISD
A1XIM2	MEP3_TRIVO
A1XIM5	MEP4_TRISD
A1XIM6	MEP4_TRIVO
A2CJE2	VM3S_CROSS
A2CJE3	VM3V_CROVV
A2CJE4	VM3C_CROAT
A2TBT9	EASH_EPIFI
A3EZ53	HOG1_WALMU
A3EZ54	HOG1_WALSE
A3LW86	PFF1_PICST
A5PMW0	CTL5A_DANRE
A7SG73	NADC_NEMVE
A7UKV6	SUB4_TRIEQ
A7UKV9	MEP1_TRIEQ
A7UKW1	MEP2_TRIEQ
A8C8J6	M1_I07A0
A8C8W9	NS1_I67A2
A8D8S8	VP7_ROTBC
A8E1U5	SLL11_STAAU
A8JFU2	CFA65_CHLRE
A8QL53	VSP1_NAJAT
A8QL57	VSP1_BUNMU
A9ZSY0	CNTLN_RAT
B0S5A7	CTL5B_DANRE
B1NRQ9	CYVI_VIOBI
B1NRR0	CYVJ_VIOBI
B1NRR1	CYVK_VIOBI
B1NRR2	CYO9_VIOBI
B1NRR3	VITA_VIOBI
B1P1A2	JZT42_CHIGU
B1P1F6	JZT33_CHIGU
B2CPI4	PHT12_PETHY
B2D1Y0	PLIA_BOTJR
B3A0L6	ENOB_GADMO
B3A0N4	WSNA_WEIPA
B3A0Q6	CAH2_LOTGI
B3EWC6	PPA_SCHCO
B3EWE5	TLP2_MANZA
B3EWF0	AFP1_PASAL
B3EWG8	PA2A_PORNA
B3EWG9	PARP_SACSO
B3EWI3	LAC_AGAPC
B3EWI9	OXLA_BOTMT
B3EWK6	SFP1_BOSIN
B3EWN6	IBB2_LATSA
B3EWN7	IBB3_LATSA
B3EWN8	IBB4_LATSA
B3EWP7	LIN50_BACLI
B3EWQ8	PA2_BUNFA
B3EWR3	3SAW_NAJNA
B3EWS0	TLP1A_MANZA
B3EWS7	TXC14_CUPSA
B3EWS8	TXC15_CUPSA
B3EWS9	TXC16_CUPSA
B3KYH5	TPB_PELSA
B6CPR5	BR1A_LITPA
B6VH77	SACA3_PONPY
B6VH79	SACA3_PAPHA
B8UU59	PK1L_ACRMI
B8XH33	KAX99_BUTOS
C0HJF2	HERIN_HERER
C0HJG8	BSP_BOSSE
C0HJH0	CELL_ASPVE
C0HJH5	NLTP_MORCI
C0HJH9	THNW1_NIGSA
C0HJI0	THNW2_NIGSA
C0HJI9	3S11B_BUNFA
C0HJJ8	ASPR_TERCL
C0HJL9	TAN_BACIU
C0HJM0	PPO3_SARAR
C0HJM6	CHIT_TRISX
C0HJM8	LEC_ALLCE
C0HJN3	CO1A1_ORYAF
C0HJN4	CO1A2_ORYAF
C0HJN5	CO1A1_HIPAM
C0HJN6	CO1A2_HIPAM
C0HJN8	CO1A2_TAPTE
C0HJN9	CO1A1_EQUSP
C0HJP0	CO1A2_EQUSP
C0HJP1	CO1A1_CYCDI
C0HJP2	CO1A2_CYCDI
C0HJP3	CO1A1_MYLDA
C0HJP4	CO1A2_MYLDA
C0HJP6	CO1A2_MACSX
C0HJP8	CO1A2_TOXSP
C0HJQ0	SL1_BOTDP
C0HJR6	VSP2_CRODO
C0HJU4	PLIG_CRODO
C0HJW8	PA2HA_BOTNI
C0HJW9	3NO21_NAJKA
C0HK18	VSP4_CRODO
C0HK19	VSP3_CRODO
C0HK22	LEC3A_HALCE
C0HK48	ITRY_CASLE
C0HKB1	PGLR_CUPSE
C0HKB4	IBB1A_LATSA
C0HKC7	CBP4_MOROL
C0HKG4	TX4A_CHEPU
C0HL60	ABAN1_LIMMU
C0HLB1	ATP5E_YARLI
C0HLB8	PA2_MICLE
C0HLG7	CO1A1_CHOHO
C0HLG8	CO1A2_CHOHO
C0HLH0	CO1A2_BRAVA
C0HLH1	CO1A1_ACRYE
C0HLH2	CO1A2_ACRYE
C0HLH3	CO1A1_ACRSX
C0HLH4	CO1A2_ACRSX
C0HLH6	CO1A2_NEODO
C0HLH9	CO1A1_GLYSX
C0HLI0	CO1A2_GLYSX
C0HLI2	CO1A2_DOESX
C0HLI3	CO1A1_GLORB
C0HLI4	CO1A2_GLORB
C0HLI6	CO1A2_SCESX
C0HLI7	CO1A1_SCESW
C0HLI8	CO1A2_SCESW
C0HLI9	CO1A1_NEOCO
C0HLJ0	CO1A2_NEOCO
C0HLJ1	CO1A1_PARSU
C0HLJ2	CO1A2_PARSU
C0HLJ3	CO1A1_NOTSH
C0HLJ4	CO1A2_NOTSH
C0HLJ5	CO1A1_MEGAE
C0HLJ6	CO1A2_MEGAE
C0HLJ7	CO1A1_MEGJE
C0HLJ8	CO1A2_MEGJE
C0HLK0	CO1A2_PARHA
C0HLK3	3S11_MICTC
C0HLL7	GST_LACPN
C0HLL8	GPX_LACPN
C0HLN3	MO3_MOROL
C0HLR6	SCX1_RHOCR
C0HLT8	CI2S_ARAAG
C0HLU4	BAC79_WEICO
C0HLV3	MO4_MOROL
C0HLV4	MO5_MOROL
C0HLV5	MO6_MOROL
C0HLY4	TP1A_RANLT
C0HM22	KA321_CENMA
C0HM24	NLTP2_NIGSA
C0HM72	KAX2N_CENBO
C0HM73	KA104_CENBO
C0HM74	KAX2A_CENBO
C0HM75	KA106_CENBO
C0HM76	KAX2L_CENBO
C0HM77	KAX2M_CENBO
C0HM78	KAX2O_CENBO
C0HM95	CO1AB_EPICA
C0SJS4	C71AJ_APIGR
C1KEU0	METE_KALTU
C5FEK4	CTSD_ARTOC
C5H5D3	VM32_BOTAT
C7A276	CIB2_SHEEP
C7E9V9	SCH34_STACH
C9K1N0	ACT23_ALTAL
C9WJD0	CHI4_METAN
D0VWR4	PSBX_THEVL
D2Y245	H8C01_CYRHA
D4HRK7	CA12_CONKI
D5HR52	SCX3A_ANDCR
D5KX81	PCS_LEGBO
D8MIA0	VSPH2_BITRH
D8MIA1	VSPH3_BITRH
D8MIA2	VSPR4_BITRH
D8MIA3	VSPR5_BITRH
D9N4H3	LIP5_MALFU
D9N4H4	LIP6_MALFU
E2D0Z0	SALK5_KALTU
E2IYB3	FCNV1_VARKO
E7CZY8	SCXN3_MESEU
E7CZY9	SCXN6_MESEU
E7CZZ0	SCXNB_MESEU
E7CZZ1	SCXNC_MESEU
E9KID3	NOD3_PEA
E9NW28	VM2P3_PROMU
E9RHV4	CYP1_USTMD
F9X365	VEA_ZYMTI
G3XSI3	AUNB_ASPNA
G3XSI6	AUNE_ASPNA
G4V3T9	SCAA2_MESMA
G4WFQ2	SCXND_MESEU
G8FZS4	CX9A_CRACE
G9N4A7	VIRF_HYPVG
H8ZM71	ISO_ABIBA
H8ZW44	DXR_ORIVU
H9M5U4	VM2_CRORU
I0B6F4	CYC7_CHACT
I0CME8	HYAL_CONAQ
K2RLM2	DPMPJ_MACPH
L0T5T4	PE10_MYCTU
L7XCU0	LATA_LATGE
L7XDS4	LATA_LATPL
L8BU87	CA1A_CONLI
O00394	A1AT_CHLAE
O00852	PGK_GLACH
O00869	PGK_PARPR
O00871	PGK_TETPY
O00940	PGK_CONMG
O02664	DRD1_RABIT
O02708	CSF3_FELCA
O02761	FOS_SHEEP
O02769	MTR1A_BOVIN
O03063	ATPB_ASPND
O03064	ATPB_ADIRA
O03066	ATPB_BLEOC
O03067	ATPB_DICAN
O03068	ATPB_DENPU
O03069	ATPB_EQUAR
O03070	ATPB_HYPHO
O03073	ATPB_LONHI
O03074	ATPB_MICPL
O03075	ATPB_MICSZ
O03077	ATPB_OSMCI
O03080	ATPB_PTEES
O03085	ATPB_VANDA
O03359	ATP6_TROMO
O03570	ATP6_TROHI
O03692	NU4M_ATRNM
O03695	NU4M_ATRPI
O03697	NU4M_BOTAS
O03698	NU4M_BOTBI
O03699	NU4M_BOTER
O03700	NU4M_BOTLA
O03701	NU4M_BOTSC
O03702	NU4M_CROAD
O03703	NU4M_CERGO
O03704	NU4M_CROLE
O03707	NU4M_CAURH
O03710	NU4M_CROOO
O03726	NU4M_GLOBL
O03727	NU4M_GLOIT
O03733	NU4M_HYPHY
O03763	NU4M_BOTHY
O03772	NU4M_PORNA
O03773	NU4M_POROP
O03778	NU4M_SISMI
O03780	NU4M_TRIAB
O03792	NU4M_TRICN
O03807	NU4M_TROWA
O03889	COX2_APTAU
O03890	COX2_CASBE
O03891	COX2_DRONO
O03892	COX2_NOTPE
O03893	COX2_RHEAM
O03895	COX2_TINMA
O04395	FLS_MATIN
O04916	ACOHC_SOLTU
O08703	KCNH2_CAVPO
O09163	GON1_MESAU
O12984	CRYAA_ANAPL
O12988	CRYAA_COLLI
O13215	IHH_DEVMA
O13220	IHH_DEVPA
O13226	TWHH_PSEPR
O13240	IHH_DANAT
O13243	IHH_DEVDE
O13253	TWHH_DEVPA
O16017	OPSD_LACLU
O16018	OPSD_CAMSC
O16019	OPSD_FAXVI
O16020	OPSD_PROML
O16027	G3P1_GLORO
O16068	HSP83_DROPB
O16087	HSP83_DROMI
O16127	TPM_ECHGR
O17438	DHX15_STRPU
O18312	OPSD_CAMHU
O18315	OPSD_CAMMA
O18481	OPSD_ORCAU
O18485	OPSD_PROOR
O18486	OPSD_PROSE
O18776	SRSF6_RABIT
O18815	DFBC7_BOVIN
O18921	RENBP_CANLF
O18926	CADH3_PIG
O18951	P2RY2_BOVIN
O19023	CEL3B_MACMU
O19025	ADA2B_MACPR
O19032	ADA2B_ORYAF
O19074	CMAH_PIG
O19098	BCAT2_PIG
O19103	UDB16_RABIT
O19112	CILP1_PIG
O19124	MCP_SAGMY
O19986	RR4_ALOVE
O19990	RR4_IRIDM
O19992	RR4_BOBGL
O19995	RR4_BABST
O20103	RR4_CROSP
O20106	RR4_CYPSP
O20208	RR4_DIEGR
O20210	RR4_DIERO
O20213	RR4_FURFO
O20215	RR4_FRESP
O20219	RR4_GLAMU
O20221	RR4_GLAPA
O20230	RR4_HYMLI
O20231	RR4_SCAPU
O20234	RR4_IRIEN
O20235	RR4_IRILU
O20236	RR4_ISOTA
O20254	RR4_LIBFO
O20255	RR4_SCHNE
O20264	RR4_MORST
O20265	RR4_NERBO
O20273	RR4_PATFR
O20278	RR4_PILTE
O20280	RR4_ROMRE
O20291	RR4_TRISY
O20399	RR4_WATAN
O21414	CYB_SORHO
O21425	CYB_SORSS
O21515	NU4M_PHOSU
O21521	NU4M_MICPE
O21945	SSB_BPR70
O21946	SSB_BPS14
O24246	PMGI_PRUDU
O24572	ESR2C_MAIZE
O30394	TYSY_BACAT
O30397	TYSY1_BACAM
O30549	PURA_STUST
O30853	KPYK1_PHOLE
O30885	ENO_CAMFE
O31067	HEMN_THEVL
O31287	LEU1_BUCTS
O32848	PGK_MYCAV
O32857	MURA_MYCCH
O32858	MURA_MYCFO
O33149	GYRA_MYCMA
O33159	MURA_MYCNE
O33160	MURA_MYCPH
O33431	RPOC_PORCN
O33465	METH_PSEPU
O33529	DNAJ_RHILE
O33579	CYSH_RHITR
O35502	LCAT_MYOGA
O35573	LCAT_ELIQU
O35724	LCAT_MICMN
O35840	LCAT_GERGM
O36041	IF2G_SPIVO
O36051	RR4_NEOSP
O36052	RR4_PATSQ
O36054	RR4_SPASP
O36057	RR4_TIGSP
O42154	G6PC1_HAPXE
O42268	OPSD_ICTPU
O42294	OPSD_ABYKO
O42300	OPSD_BATMU
O42301	OPSD_BATNI
O42307	OPSD_COTBO
O42327	OPSD_COMDY
O42328	OPSD_COTGR
O42330	OPSD_COTIN
O42334	PTC2_CYNPY
O42335	PTC1_CYNPY
O42411	IOD1_CHICK
O42427	OPSD_LIMBE
O42431	OPSD_LIMPA
O42451	OPSD_PROJE
O42452	OPSD_PARKN
O42466	OPSD_TAUBU
O44105	G3P2_DROSU
O44111	URIC_DROSU
O44431	TIM_DROHY
O45027	PBAN_MAMBR
O46383	NCKX1_BISBI
O46483	LSHB_OSPRU
O46577	COX41_PANTR
O46578	COX41_GORGO
O46579	COX41_PONPY
O46580	COX41_HYLAG
O46581	COX41_THEGE
O46584	COX41_AOTAZ
O46585	COX41_PITPI
O46586	COX41_PERPO
O46587	COX41_MANSP
O46588	COX41_TRACR
O46673	IL10_ORCOR
O47026	RR4_ASPMA
O47029	RR4_NAROD
O47043	CYB6_PICAB
O47414	CYB_SYLTR
O47555	CYB_LEPAR
O47556	CYB_LEPOT
O47558	CYB_LEPAL
O48350	CYB_LEPCO
O54263	SODM_STROR
O55062	SRY_APOFL
O55063	SRY_APOAG
O57568	THA_SPAAU
O62685	MCP_SAISC
O62696	ARY1_FELCA
O62732	SYN1_CANLF
O64899	C80B1_ESCCA
O66137	RCEL_ACICY
O66139	RCEL_ACIMU
O66141	RCEL_ACIOR
O68248	RIBA_SULMU
O68891	PARC_CROSK
O68949	VNFK_AZOPA
O68952	VNFK_AZOSA
O68953	VNFD_AZOPA
O68954	VNFD_AZOSA
O68955	ANFD_HELGE
O69190	PDXS_FRATU
O69783	DAPB_RHIML
O70430	ADRB1_MERUN
O70432	ADRB3_MERUN
O70512	CISH_RAT
O73705	CAC1A_CHICK
O73919	CRYAA_ORYLA
O74286	ENO_CUNEL
O76536	HYAL_STRPU
O77695	BGLR_CHLAE
O77713	ADA2B_DUGDU
O77715	ADA2B_DIDVI
O77717	TIMP2_HORSE
O77723	ADA2B_ECHTE
O77830	ADA2B_RABIT
O78713	NU1M_ZAGBR
O78761	CYB_MICSB
O79446	CYB_SORAC
O79461	CYB_SORPC
O79980	CYB_SORAS
O80360	RK3_TOBAC
O81160	SPE2_THECC
O83045	FTSK_AZOBR
O86385	OTC_NEIFV
O86408	OTC_NEIPH
O86412	OTC_NEISI
O86415	OTC_NEISU
O86954	END4_THENE
O87905	C24AA_BACTJ
O88779	RHBL1_RAT
O89085	PDE4A_CAVPO
O93515	VM2S3_GLOBR
O93516	VM2S2_GLOBR
O93517	VM3S4_GLOBR
O93518	VM3S5_GLOBR
O96363	BGBP_HYPCU
O96530	HYAL_LYTVA
O96569	DHAPP_DROLE
O96571	DDC_DROLE
O96790	DPGN_DIPMA
O97590	TIMP3_RABIT
O97591	TIMP4_RABIT
O97670	HESX1_RABIT
O98883	RBL_COUGU
O99468	CYB_RHIHI
P00168	CYB5_ALOSE
P00465	NIFD_RHILT
P00527	YES_AVISY
P00728	AMPT_GEOSE
P00853	ATP6_ASPAM
P01013	OVALX_CHICK
P01016	ANGT_HORSE
P01081	IP2A_SOLTU
P01082	IP2B_SOLTU
P01125	REL_MELGA
P01196	COLI_STRCA
P01349	RELX_CARTA
P01544	THN1_WHEAT
P01896	HA1Z_MOUSE
P02257	H1_ECHCR
P02260	H5_COLLI
P02456	CO1A1_RABIT
P02500	CRYAA_TRIIN
P02507	CRYAA_PELLE
P02508	CRYAA_RANTE
P02520	HSP12_SOYBN
P02530	CRG1_RANTE
P02531	CRG2_RANTE
P02539	K2M1_SHEEP
P02556	TBB_LYTPI
P02677	FIBB_CANLF
P02744	LIMU_LIMPO
P02849	BAR1_CHITE
P02854	VCLB_PEA
P02855	VCLA_PEA
P02897	VSG4_TRYBR
P03342	GAG_AVISN
P03384	ENV_WMSV
P03398	ENV_AVISU
P03914	NU4M_EMEND
P04093	GLUC_ICTPU
P04164	CY552_THETH
P04260	K2C4_BOVIN
P04261	K2C3_BOVIN
P04263	K2CA_BOVIN
P04265	K2C2_XENLA
P04266	K2C1_XENLA
P04362	PA2_HELHO
P04586	POL_HV1Z6
P04747	AMY3_HORVU
P04748	AMY4_HORVU
P04749	AMY5_HORVU
P04872	FUS_NPVGM
P05148	HIS1_KLEPN
P05225	CAER5_XENLA
P05390	RLA2_WHEAT
P05557	IOVO_STRCA
P05561	IOVO_NOTCI
P05562	IOVO_EUDEL
P05563	IOVO_SPHHU
P05564	IOVO_PHASU
P05565	IOVO_ANHNO
P05566	IOVO_NYCNY
P05567	IOVO_ANSSE
P05569	IOVO_DENEY
P05570	IOVO_DENVD
P05571	IOVO_COSCO
P05575	IOVO_CERNO
P05577	IOVO_HALIN
P05579	IOVO_CIRAE
P05580	IOVO_MEGFR
P05581	IOVO_LEIOC
P05582	IOVO_ORTVE
P05584	IOVO_PIPPP
P05585	IOVO_BONUM
P05587	IOVO_OREPI
P05588	IOVO_CALSP
P05589	IOVO_CALSC
P05591	IOVO_COLVI
P05592	IOVO_CYRMO
P05594	IOVO_PTEAF
P05595	IOVO_PELCO
P05596	IOVO_PTEER
P05597	IOVO_FRAFR
P05598	IOVO_FRAPO
P05599	IOVO_PERPE
P05600	IOVO_COTDE
P05601	IOVO_ARBTO
P05605	IOVO_SYRRE
P05607	IOVO_POLBI
P05608	IOVO_ARGAR
P05609	IOVO_PAVCR
P05611	IOVO_TURSY
P05615	IOVO_GEOCA
P05616	IOVO_CARRE
P05617	IOVO_DACNO
P05691	CSP_PLAFL
P05693	LEGK_PEA
P05699	RBL_VICFA
P05774	RAS_CARAU
P05782	K1C3_XENLA
P05785	K1C14_BOVIN
P05864	REV_HV1B8
P05866	REV_HV1W2
P05867	REV_HV1Z3
P05868	REV_HV1ZH
P05869	REV_HV1Z8
P05953	VPR_HV1C4
P06353	H33_HORVU
P06455	VE1_FPVL
P06579	TRBM_BOVIN
P06646	MYC_ONCMY
P06682	CO9_ONCMY
P07194	PENKB_XENLA
P07218	PAL1_PHAVU
P07449	GLUC1_ONCKI
P07452	CAH1_RABIT
P07635	INV7_YEASX
P07748	FIXZ_RHILE
P07855	FAS_RABIT
P07993	POLG_PEMV
P08036	RPOB_SAPOF
P08163	NEUV_BUFJA
P08222	CB22_CUCSA
P08231	FIB37_BPM1
P08232	FIB37_BPOX2
P08268	NS1_I76AM
P08270	NS1_I63A3
P08274	NS1_I24A0
P08278	NS1_I61A0
P08477	G3PC2_HORVU
P08490	POLG_ECHO9
P08662	MERA_SERMA
P08757	FAS_CAPHI
P08804	VPU_HV1N5
P08806	VPU_HV1ZH
P08807	VPU_HV1Z8
P08808	VPU_HV1W2
P08823	RUBA_WHEAT
P08824	RUBA_RICCO
P08991	H2AV_STRPU
P09019	HXB5_XENLA
P09020	HXC5_XENLA
P09043	G3PA_TOBAC
P09044	G3PB_TOBAC
P09078	HXB8_PIG
P09094	G3PC_TOBAC
P09107	AMY_TRICA
P09515	MCAPS_BWYVG
P09566	GLUC_ATRSP
P09589	H2A3_LYTPI
P09590	H2A3_STRPU
P09635	HXA4_RAT
P09672	G3PA_SINAL
P09686	GLUC_MYOSC
P09687	GLUC_SCYCA
P09689	ACHB_ELEEL
P09691	ACHD_ELEEL
P09692	ACHG_ELEEL
P09825	NIFB_RHILE
P09873	CHYM_FELCA
P09876	SMS2_MYOSC
P09882	CEA8_ECOLX
P09945	HIRV2_HIRME
P0A0E0	PTMA_STAAU
P0A369	CR1AA_BACTS
P0C0C0	ERA_STRP9
P0C0C9	OTCC_STRPY
P0C0D9	RPOC_STRPY
P0C0M4	TYSY_STAEP
P0C0N0	OTC_STAEP
P0C0Q9	GYRA_STAEP
P0C0U9	HBB2_DRYME
P0C0X6	BCHZ_CERSP
P0C1A0	ASSY_DICCH
P0C1G4	MDH_KLEPN
P0C1H0	ACTP1_ACTEQ
P0C1H1	ACTPP_ACTEQ
P0C1H2	ACTP3_ACTEQ
P0C1T4	RPOC_STAAU
P0C1T7	AX7A_TERSU
P0C2A0	TX20_ANDCR
P0C2C3	MARC2_PIG
P0C2D6	OXLA_PROMU
P0C2K3	BX17_LOXGA
P0C2K4	BX2_LOXGA
P0C2K5	BX3_LOXGA
P0C2K6	BX4_LOXGA
P0C2K7	X5_LOXGA
P0C2K8	X6_LOXGA
P0C2K9	BX8_LOXGA
P0C2X0	VGLG_VSIVM
P0C547	3SOFH_NAJAT
P0C5H4	3SA1_DABRR
P0C5J7	SCXT_PARLS
P0C5S8	POLG_HAVSJ
P0C603	3NBA_BOIDE
P0C6S1	VM1B2_BOTPA
P0C6S5	LECJ3_BOTJA
P0C7N3	VM3CR_CROVV
P0C8D9	CKE_CONER
P0C8I8	SL2_BITAR
P0C8I9	SLAB_BOTAL
P0C8J0	SLA_OPHHA
P0C8J1	SLB_OPHHA
P0C8J2	SL1C1_VIPAA
P0C8J3	SL1C2_VIPAA
P0C8J4	SL2C1_VIPAA
P0C8J5	SL2C2_VIPAA
P0C8L5	MTNC_KLEAE
P0C8M2	CBP_MESMA
P0C8X2	LYSC_TITST
P0C8X3	HYAL_TITST
P0C8X4	VMP_TITST
P0C8Z1	G3P_ESCFE
P0C8Z2	OMPA_ESCFE
P0C946	BGLA_THENE
P0CAQ8	CA14A_CONQU
P0CAR4	3S12B_MICPY
P0CAR7	3SX_MICPY
P0CAS9	PA2B1_MICPY
P0CAT0	PA2D5_MICPY
P0CAT1	PA2D6_MICPY
P0CAY9	MA20_PINMA
P0CF76	SCX11_MESMA
P0CG44	UC1_URTCR
P0CG83	UBIQP_HORVU
P0CG84	UBI4P_NICSY
P0CJ33	TXVE1_MACLB
P0CJ35	3L2L_OXYSC
P0CV89	PA23_CROAT
P0CV91	PRDX4_CROAT
P0CV92	QPCT_CROAT
P0CY89	CRTF_RHOCA
P0DI85	OXLA8_DEIAC
P0DI87	OXLA_BOTIN
P0DI92	PA2H_BOTMA
P0DJ35	KKX28_HETPE
P0DJ63	VKT_OXYMI
P0DJ95	PACA_HELSU
P0DJC8	SLA_BOTAS
P0DJC9	SLB_BOTAS
P0DJE4	LATA_LATMA
P0DJE5	LITA_LATHA
P0DJE6	LITD_LATHA
P0DJE7	LITD_LATHE
P0DJG6	VSP_CROVV
P0DJG8	CRVP_HELAG
P0DJJ5	V5NTD_GLOBB
P0DJL0	CLKTX_ISOMC
P0DJL4	SLA_DABPA
P0DJM5	PA2AC_CROVV
P0DJM6	PA2B_PROMB
P0DJM7	PA2B_PROTO
P0DJM8	PA2BI_GLOSA
P0DJN3	PA2B2_CRODM
P0DJN5	PA2B3_CRODU
P0DJN8	PA2B3_SISMB
P0DJO6	OMPA_SHIBL
P0DJO7	G3P_SHIBL
P0DJP6	PA2AB_TRIST
P0DJP7	PA2AE_TRIST
P0DJP8	PA2AG_TRIST
P0DJP9	PA2AH_TRIST
P0DJQ0	PA2BA_TRIST
P0DJQ2	PA2HK_TRIST
P0DJR1	PA2AA_CROHD
P0DJR2	PA2AB_CROHD
P0DKM8	TU91_IOTCI
P0DKM9	TU11_LOPAL
P0DKP8	CA1G_CONCN
P0DKR4	PA2AB_PSEFE
P0DKT8	PA2HB_OXYSA
P0DKU3	PA2B1_NAJNG
P0DKU4	PA2B2_NAJNG
P0DKV8	APOC2_ATEGE
P0DKX1	PA2N_DABRR
P0DKZ1	CKR1C_CONRO
P0DL23	SCXS_TITPA
P0DL24	SCXT_TITPA
P0DL59	PM2A_PHLSP
P0DM37	PSBY_THEVL
P0DM46	VM3A_MICCO
P0DM53	LECG_BOTAT
P0DM61	VMPA4_LOXLA
P0DM62	VMPA5_LOXGA
P0DMA7	APO1B_CHLPG
P0DMG8	OXLA_BOTCO
P0DMG9	OXLA_BOTFO
P0DMH0	PA2A_BOTFO
P0DMH6	VSP_BOTFO
P0DMK0	PA2H2_BOTMT
P0DMM6	SLA_TROWA
P0DMM7	SLB_TROWA
P0DMV6	3SA12_DABRR
P0DMX3	ACTP_ENTQU
P0DMX4	ACTP_STIME
P0DN03	K1B9D_ANEVI
P0DN05	K1BBA_ANEVI
P0DN19	VKTF_ANEVI
P0DN20	VKTG_ANEVI
P0DN66	ACTP1_TERAN
P0DN67	ACTP1_TERSU
P0DPE5	CJ1C1_EPIJA
P0DPG7	TX35A_PHORI
P0DPT2	CA1B_CONCT
P0DPT8	PA22_SCODE
P0DPU5	VA546_SCODE
P0DPU6	TX14B_SCODE
P0DQU2	AMPE_GLOBL
P0DQY2	TUL2_POLNO
P0DSO7	SOR_SPOSM
P0DTB7	VM2A_CROAT
P0DTB8	SCX38_CENMA
P0DUG3	CRAS2_URTCR
P0DUJ9	HBB_POTCF
P0DUK4	PLIGB_CRODU
P0DUP0	PA2H1_BOTDP
P0DUW6	JTXU1_CYACP
P0DV02	VKT2L_RADCR
P0DV07	VT2K_RADCR
P0DV30	SCXT2_MESMA
P0DW30	VM2_METMX
P0DW31	SCXE_TITPA
P0DW32	ARRB_CHRAT
P0DW83	O16A_CONFU
P0DX20	CA1C_CONLI
P0DX57	TX2_BUTLE
P0DX58	TX3_BUTLE
P0DX59	TX4_BUTLE
P0DX63	GLYR_TITSE
P10489	TBA_LEPSE
P10595	INV3_YEASX
P10597	INV5_YEASX
P10707	CB2D_SOLLC
P10737	VA53_DOLMA
P10817	CX6A2_RAT
P10846	IAA3_WHEAT
P10994	ACTS_PLEWA
P11148	COL_CHICK
P11149	COL_SQUAC
P11292	DPOL_WHV6
P11389	APCD_MASLA
P11419	SODM_DESDE
P11547	ELN_SHEEP
P11578	ITAM_CAVPO
P11600	GLNA_DUNSA
P11682	APOB_CHICK
P11727	OTCC_PSEPU
P11778	MYH7_PAPHA
P11804	GSHR_SPISP
P11887	2ENR_CLOTY
P11897	POLG_PVYYO
P12037	NFH_PIG
P12227	RPOC2_PEA
P12245	CRP_PLEPL
P12247	CO3_RABIT
P12264	EPB41_CHICK
P12327	CB21_EUGGR
P12484	REV_HV1J3
P12485	REV_HV1BN
P12500	POL_SIVV2
P12501	POL_SIVV3
P12659	HCYA_ENTDO
P12723	R1AB_IBVK
P12794	BIP_PLAFA
P12801	FIBA_ANAPL
P13019	BLMH_RABIT
P13062	PHNS_DESMU
P13064	PHSS_DESNO
P13066	PHSL_DESNO
P13152	GLHA1_ONCKE
P13216	ADX_CHICK
P13281	H2BS1_ECHES
P13392	MYSP_DIRIM
P13490	LDHB_RABIT
P13499	GLN1B_RHOCA
P13502	SYI_KLEAE
P13570	BFR_NITWI
P13636	PEPA_URSTH
P13665	EN16_STRPU
P13672	POLG_HAVLC
P13820	MSP1_PLAFN
P13827	MSP1_PLAFD
P13858	THEM_MALCI
P13919	CVCB_PEA
P14143	ACHA_NAJNA
P14144	ACHA_NATTE
P14155	NCAP_SENDH
P14233	TGA1B_TOBAC
P14332	6PGD_PIG
P14339	POLG_DEN23
P14379	ICP22_HHV2
P14400	ENP1_TETCF
P14401	ENP2_TETCF
P14405	XYLA_STRVN
P14442	FIBA_BUBBU
P14465	FIBB_ANTAM
P14466	FIBB_BISBO
P14467	FIBB_BUBBU
P14472	FIBB_HYLLA
P14474	FIBB_MANLE
P14475	FIBB_MUNMU
P14476	FIBB_ODOHE
P14477	FIBB_PIG
P14479	FIBB_RANTA
P14481	FIBB_SYNCA
P14538	FIBB_ELEMA
P14539	FIBB_TAPTE
P14564	RPOC2_NOSCO
P14584	CB21_RAPSA
P14594	LEGB_PEA
P14636	GLNA3_LUPAN
P14730	WFD18_RAT
P14839	HXB6_CHICK
P14885	GELS_XENLA
P14952	TRPG_ACETH
P15305	DYHC_ONCMY
P15326	IAMY_COILA
P15329	GUNX_ACETH
P15349	RPO1N_HALMO
P15438	GLUC_AQUCT
P15714	LP61_EIMTE
P15835	TAT_HV2D2
P15868	H1_PSAMI
P15904	POR_AVESA
P15984	PERX_WHEAT
P16005	ACHB_CHICK
P16078	LEGB2_VICFA
P16079	LEGB6_VICFA
P16080	LEGB7_VICFA
P16117	RPC1_BP434
P16147	PERX_LUPPO
P16312	PEPT1_DERMI
P16357	CYB_DIPPA
P16358	CYB_DIPHE
P16359	CYB_DIPCA
P16362	CYB_POMSU
P16363	CYB_GARIS
P16364	CYB_CORME
P16366	CYB_HYPNI
P16367	CYB_JULRE
P16405	ORA_PLAFN
P16873	PBP2_NEIFL
P16890	H2BL4_STRPU
P16938	TERL_BPLP7
P17092	RR17_PEA
P17165	APOB_RABIT
P17319	H32_TETBO
P17517	POLS_RRV2
P17604	ATPO_PEA
P17841	SLSG4_BRAOL
P18270	8512_TRYCR
P18271	8513_TRYCR
P18345	GE_EHV4
P18457	R1AB_CVPFS
P18515	RARB_NOTVI
P18602	ACT3_ARTSX
P18647	APOA1_ERYPA
P18692	VSPCE_CERVI
P18699	TBB_LYMST
P18700	TBB_STRPU
P18756	ETS1B_XENLA
P18813	MALK_KLEAE
P18822	CYC_TRYBB
P18842	LSHB_CANLF
P18856	CAF1_EPHMU
P18877	HEMA_INBFU
P18878	HEMA_INBIB
P18879	HEMA_INBNA
P18979	HBA1_SAAHA
P18980	HBA2_SAAHA
P18997	PA2B_GLOHA
P18999	PA2_DABSI
P19010	VITB1_XENLA
P19011	VITB2_XENLA
P19054	PSBK_THEVL
P19094	CRP_MUSCA
P19118	TPIS_NICPL
P19122	LALBA_MACGI
P19135	PER2_CUCSA
P19149	XYLA_STRS8
P19209	SMS_MYXGL
P19325	Z_LYCVT
P19326	Z_LYCVP
P19401	M12_STRPY
P19452	HUTG_KLEAE
P19618	NCPR_SALTR
P19621	NEP_PIG
P19662	UDP_LACRH
P19680	KPYK_SPICI
P19723	POLG_PRSVP
P19724	POLG_PRSVW
P19748	MCE_SHEVK
P19837	SPD1_TRICX
P19943	RLA2_RABIT
P19998	EDN3_RABIT
P20015	PRTT_PARAQ
P20077	THS2_ARAHY
P20137	GST5_CHICK
P20147	HSP90_PLAFP
P20161	DHSU_CHLTI
P20177	POLG_CYVV
P20235	POLG_WMV2A
P20260	PA2C_PSEPO
P20304	IDHC_PIG
P20364	TBB1_DAUCA
P20416	VMXBN_BOTJA
P20593	MX_PERFL
P20622	NIFK_METTL
P20623	NIFH_RHILE
P20655	RIPS_MOMCO
P20737	A2M_HOMAM
P20738	A2M_PACLE
P20739	OVOS_ANAPL
P20765	IGLL1_MUSSP
P20803	ACP_ANAVA
P20846	IOVO_VULGR
P20903	CISY_STRHY
P20972	PGK_METBR
P21239	RUB1_BRANA
P21294	POLG_PVYCH
P21381	THPA_THADA
P21444	ENV_FLVC1
P21523	HLOX2_HIRME
P21624	UTS1_PLAFE
P21776	LYSC_PSEPE
P21780	SMS2_PLAFE
P21790	PA21_MICNI
P21791	PA22_MICNI
P21792	PA23_MICNI
P21847	ALBU_AQUCT
P21857	UTS2_PLAFE
P21864	ISPH_PSEFL
P21933	ATPB_STRDO
P22067	ATP6_NAEFO
P22177	PCNA_SOYBN
P22302	SODF_NICPL
P22357	SF18_HELAN
P22416	GST_SERMA
P22508	FBRL_PHYPO
P22601	POLG_PVYC
P22602	POLG_PVYO
P22624	MAP2_METFE
P22657	RDRP_PVSP
P22658	HOXF_RHOOP
P22659	HOXU_RHOOP
P22660	HOXY_RHOOP
P22661	HOXH_RHOOP
P22779	CP2AX_BOVIN
P22799	SODM_RAOPL
P22948	MCRA_METTE
P22949	MCRB_METTE
P22950	MCRG_METTE
P22975	H1L_SPISO
P22989	LDHB_HORVU
P23042	CD1B_RABIT
P23068	HB2L_CHICK
P23281	AROA2_TOBAC
P23334	MCE_SWPVK
P23417	SODC_AQUCT
P23473	CHLY_PARTH
P23666	GUN2_PERAE
P23681	HXB8_CHICK
P23725	PUTA_KLEPN
P23730	IFEA_ASCSU
P23745	MSP9_PLAFG
P23746	MSP9_PLAFF
P24016	OMPA_CITFR
P24075	SYA_RHILV
P24163	G3P_KLEAE
P24164	G3P_KLEPN
P24166	G3P_SERMA
P24261	SCRK_SALTH
P24262	SCRY_SALTH
P24296	NLTP1_WHEAT
P24340	HXD9_CHICK
P24341	HXD10_CHICK
P24477	RIP2_DIACA
P24548	PGLR_OENOR
P24601	METB_HERAU
P24644	PA21_CALBG
P24645	PA22_CALBG
P24748	G3P_CITFR
P24750	G3P_ATLHE
P24751	G3P_PSEVU
P24753	G3P_SEROD
P24754	OMPA_ATLHE
P24755	OMPA_SEROD
P25012	CCNB2_SOYBN
P25013	GLPK_STRGR
P25211	NFYB_XENLA
P25229	CAZA1_XENLA
P25242	POLG_SUMVS
P25251	CYSP4_BRANA
P25430	BDNF_RAJCL
P25431	BDNF_MACLB
P25436	NTF4_MACLB
P25915	FRIH_RABIT
P26142	HEMA_I82A2
P26144	RDRP_I82A2
P26146	PB2_I82A2
P26147	M1_I82A2
P26148	NS1_I82A2
P26249	NIFH_ENTAG
P26268	ODPT_ASCSU
P26627	R1AB_CVMJD
P26799	SAHH_STRFR
P26830	AHPC_FERAY
P26965	ATPA_BRYMA
P27063	RBL_CAPAN
P27067	RBL_VIGUU
P27081	ADT2_SOLTU
P27086	MTA_COLVI
P27087	MTB_COLVI
P27118	DCOR_CHICK
P27174	FTSW_LACLC
P27328	RDRP_LSV
P27560	RIP3_SAPOF
P27561	RIP4_SAPOF
P27582	FABG6_BRANA
P27673	TNNI3_CHICK
P27758	NDHH_SECCE
P27868	ILVB_ARTPT
P27879	HSP11_MEDSA
P27890	HSP83_LEIDO
P27950	NDK_GINCI
P28089	WNT1_EVATR
P28090	WNT3_EVATR
P28091	WNT6_EVATR
P28092	WNT7_EVATR
P28093	WNT8_EVATR
P28094	WNT1_STRPU
P28095	WNT2_STRPU
P28097	WNT6_STRPU
P28098	WNT7_STRPU
P28100	WNT1_ALOVU
P28101	WNT3A_ALOVU
P28102	WNT3B_ALOVU
P28104	WNT5B_ALOVU
P28105	WNT7A_ALOVU
P28106	WNT7B_ALOVU
P28107	WNT9_ALOVU
P28108	WNT4_ANSCE
P28110	WNT7A_ANSCE
P28111	WNT7B_ANSCE
P28112	WNT10_EPTST
P28113	WNT1_PLESK
P28115	WNT4_EPTST
P28116	WNT4_PLESK
P28118	WNT5B_PLESK
P28119	WNT51_EPTST
P28120	WNT52_EPTST
P28121	WNT53_EPTST
P28122	WNT71_EPTST
P28123	WNT72_EPTST
P28124	WNT9_EPTST
P28125	WNT3A_MELGA
P28126	WNT3B_MELGA
P28127	WNT4_MELGA
P28128	WNT5A_MELGA
P28129	WNT7A_MELGA
P28130	WNT7B_MELGA
P28131	WN10A_PLEJO
P28133	WNT3A_PLEJO
P28134	WNT3B_PLEJO
P28135	WNT4_PLEJO
P28136	WNT5B_PLEJO
P28137	WNT6_PLEJO
P28138	WNT7A_PLEJO
P28139	WNT1_PITME
P28140	WNT3A_PITME
P28141	WNT1_SCEOC
P28142	WNT3A_SCEOC
P28143	WNT4_SCEOC
P28144	WNT7B_SCEOC
P28145	WNT6_THUTH
P28146	WNT8_THUTH
P28270	DHE3_ELEEL
P28363	RPA1_EUPOC
P28364	RPB1_EUPOC
P28411	RBL_DRORE
P28429	RBL_LOBSP
P28451	RBL_SARFL
P28524	SODM_HORVU
P28525	GER1_HORVU
P28526	GER2_HORVU
P28551	TBB3_SOYBN
P28567	CDC22_PEA
P28642	PSBK_PEA
P28761	SODM_BRAFL
P28762	SODM_EPTST
P28765	SODM_PALVU
P28766	SODM_APOCL
P28767	SODM_PETMA
P28768	SODM_PIG
P28998	DHE4_CHLSO
P29032	CHIC_POPTR
P29090	BGL3_ASPWE
P29109	OLEO5_BRANA
P29111	OLEO2_BRANA
P29115	CHI1_STROI
P29116	CHI2_STROI
P29134	CH60_ACIFR
P29177	MGMT_BOVIN
P29188	NEUAX_RAT
P29409	PGKH_SPIOL
P29427	SODCP_PICAB
P29428	SODC2_PICAB
P29446	THIO2_DICDI
P29529	OLEO_HELAN
P29556	ABDA_SCHGR
P29562	IF4A1_RABIT
P29630	CYB_POMRU
P29631	CYB_POMTE
P29632	CYB_AMBMA
P29633	CYB_ZARST
P29635	CYB_COLRU
P29638	CYB_BAEIN
P29639	CYB_PITSO
P29640	CYB_PTIPL
P29641	CYB_SCYMA
P29642	CYB_ASTDO
P29655	COX2_AMICA
P29656	COX2_ATRSP
P29657	COX2_GEOSD
P29658	COX2_GOMVA
P29659	COX2_LEPOC
P29660	COX2_MEGAT
P29661	COX2_POLSX
P29662	COX2_SCAPL
P29665	CYB_GEOSD
P29666	CYB_GOMVA
P29668	CYB_MEGAT
P29669	CYB_POLSX
P29670	CYB_POMNI
P29672	CYB_SCAPL
P29700	FETUA_PIG
P30078	CHSY_MALDO
P30107	GSTT1_DROTE
P30161	ACT_COSCS
P30206	SPIKE_IBVU1
P30207	SPIKE_IBVU2
P30208	SPIKE_IBVU3
P30278	CCNB2_MEDSA
P30286	CCNB1_MEDSA
P30350	ADH1_ANAPL
P30353	AL5AP_HORSE
P30354	AL5AP_MACMU
P30356	AL5AP_PIG
P30357	AL5AP_RABIT
P30358	AL5AP_SHEEP
P30370	RABP2_CHICK
P30527	HEM3_YERIN
P30800	A2M_OCTVU
P30833	ACTPA_ACTTE
P30879	PEPC_PIG
P30907	AL3A1_BOVIN
P30918	ASPG_PIG
P30942	PHE1_RHDS2
P31051	ODO2_PSEPU
P31155	METK1_PETCR
P31156	METK2_PETCR
P31165	RK15_PEA
P31180	RBL_BUXSE
P31181	RBL_CAMSI
P31182	RBL_COLHS
P31186	RBL_EUOMA
P31188	RBL_GEUBO
P31190	RBL_ICAMA
P31191	RBL_ILEAQ
P31192	RBL_ILECI
P31193	RBL_MAGLI
P31194	RBL_MALDO
P31195	RBL_MERAN
P31196	RBL_NEMMU
P31198	RBL_RHACA
P31199	RBL_RIBAM
P31200	RBL_ROSDA
P31203	RBL_WEISI
P31233	CH10C_PEA
P31236	CASQ1_CANLF
P31255	UBE1Y_OSPRU
P31283	WN2BB_XENLA
P31284	WNT3_XENLA
P31288	WNT7A_XENLA
P31289	WNT7B_XENLA
P31290	WNT7C_XENLA
P31292	WNT10_XENLA
P31426	PAL2_SOLTU
P31514	FST_SHEEP
P31683	ENO_CHLRE
P31686	4CL1_SOYBN
P31756	ALLN_ALLCG
P31817	RDRP_IBDV5
P31874	ILVD_RHOCA
P31959	ILVD_CLOPA
P31960	LEUD_CLOPA
P32005	NEU1_PAPHA
P32185	3HIDH_RABIT
P32427	PCAB_PSEPU
P32441	HMD_METWO
P32646	COX2_VIGUN
P32652	POLG_MDMV
P32750	CHLE_CANLF
P32751	CHLE_MACMU
P32752	CHLE_PIG
P33162	ALR_PSEFL
P33177	NIFD_ANASL
P33437	PRTC2_PORGN
P33489	ABP5_MAIZE
P33528	GLUC_AMICA
P33574	PLMN_PETMA
P33628	TBA_PICAB
P33631	TBB2_ANEPH
P33710	GALA_CANLF
P33716	CMGA_STRCA
P33729	ICAM1_CANLF
P33887	IF2G_RABIT
P33889	AGI_EUPMA
P33969	BACR_HALHM
P33971	BACR_HALHP
P33972	BACR_HALHS
P34030	GYRA_SPICI
P34061	MYF5_COTJA
P34065	PSB5_CHICK
P34103	PK4_DICDI
P34797	G6PI3_CLALE
P34819	BMP7_CANLF
P34860	CYB_AMBTI
P34862	CYB_PLEYO
P34864	CYB_SARCH
P34936	SODC_HORVU
P34989	OPSL_CALJA
P35032	TRY2_SALSA
P35048	TRYP_SIMVI
P35141	KAD_STACA
P35366	PTAFR_MACMU
P35387	CB222_PEA
P35395	PRL_HYPMO
P35422	PHI1_MYTCA
P35450	EFGC_PEA
P35484	DLDH_ACHLA
P35485	ODPA_ACHLA
P35512	PALY_MALDO
P35660	DDL_ANACE
P35764	POLG_LIV31
P35765	POLG_LIVK
P35766	POLG_LIVNO
P35851	PURQ_LACCA
P35853	PUR1_LACCA
P35895	GU03_RAT
P35897	GU38_RAT
P35899	O1571_RAT
P35902	ARYA_PSEPU
P36182	HSP82_TOBAC
P36189	FAS_ANSAN
P36215	SODM_AQUCT
P36230	LECA_IRIHO
P36232	PGKH_SCEFU
P36233	SPRC_RABIT
P36343	GI_CHV1
P36388	SRY_AKOAZ
P36391	SRY_MACFA
P36392	SRY_MELME
P36439	CHLL_POLAC
P36447	RR4_ANTOD
P36451	RR4_BROER
P36454	RR4_DENGI
P36456	RR4_ELEIN
P36459	RR4_FESPR
P36461	RR4_IRIPA
P36464	RR4_LYGSP
P36465	RR4_MELAL
P36466	RR4_MELUN
P36467	RR4_CENLN
P36470	RR4_RHAHU
P36472	RR4_STICA
P36473	RR4_TRARA
P36514	UD2C1_RABIT
P36685	LPPB_HISSO
P36692	AAT_STRGR
P36984	TX22B_PLETR
P36985	TX22C_PLETR
P36986	TX22D_PLETR
P36992	AMBP_PLEPL
P37154	LALBA_FELCA
P37155	LYSC_FELCA
P37273	PSY2_SOLLC
P37357	EL2A_HORSE
P37358	EL2B_HORSE
P37706	RRFC_DAUCA
P37803	CNN1_MELGA
P37823	CHLB_CHLAP
P37824	CHLB_CHLPT
P37843	CHLB_ARAHE
P37844	CHLB_BAZTR
P37845	CHLB_EQUAR
P37847	CHLB_SPIAN
P37848	CHLB_DIPCM
P37849	CHLB_METGY
P37850	CHLB_NEPEX
P37851	CHLB_CLACY
P37852	CHLB_POLCU
P37853	CHLB_PICMA
P37854	CHLB_PLESC
P37855	CHLB_SALAU
P37856	CHLB_SELMO
P37857	CHLB_ZAMFI
P37987	RDRP_CVB
P38027	A1AT_NOTEU
P38028	A1AT1_HORSE
P38030	A1AT3_HORSE
P38031	A1AT4_HORSE
P38440	INHA_SHEEP
P38565	MUCB1_XENLA
P39088	20DD_HETMG
P39091	A1BG_HORSE
P39430	NCPP_KLEAE
P39431	NCPP_ENTCL
P39438	UPPP_AZOBR
P39746	MP2K3_XENLA
P39871	NIA2_MAIZE
P39882	NIA_LOTTE
P39922	MYS3_HYDVU
P40125	CAP1_PIG
P40129	HEM3_DICCH
P40765	COPA_CANLF
P40782	CYPR1_CYNCA
P41055	RECA_STRCT
P41228	KDM5C_CRIGR
P41264	GP_PUUMB
P41267	NCAP_PUUMB
P41386	TBB_HALDI
P41564	IDH3G_MACFA
P41566	IDH3G_PIG
P41574	6PGD_PSEVU
P41575	6PGD_RAOPL
P41577	6PGD_RAOTE
P41578	6PGD_SHIBO
P41579	6PGD_SHIDY
P41580	6PGD_SHISO
P41581	6PGD_CITAM
P41582	6PGD_CITKO
P41583	6PGD_CITFR
P41982	SODM_RABIT
P42015	PTG3C_GEOSE
P42048	PSAF_CUCSA
P42074	RPOC1_FISMU
P42075	RPOC1_PROHO
P42077	RPOC1_PROMD
P42078	RPOC1_PROSC
P42122	LDHB_FUNPA
P42155	CASK_BISBO
P42215	KPSU1_ECOLX
P42258	HTR2_HALVA
P42358	HUTI_STRGN
P42365	TPX_STREE
P42467	ATPB_PEPNI
P42509	GPH_PSEPU
P42584	LOX10_HELTR
P42688	SRK2_SPOLA
P42689	SRK3_SPOLA
P42691	END4_YEREN
P42706	TPO_PIG
P42709	VDH_STRAM
P42739	UBIQP_ACEPE
P42788	CBPZ_SIMVI
P42897	ENO_ALLMI
P42992	NEUV_SCLRE
P43050	TYPH_METHO
P43217	NLT11_PARJU
P43222	RBL_ACRAU
P43283	TRPB1_MAIZE
P43318	PA2_RHONO
P43395	ATPBM_ACTDE
P43417	KAD_STRSC
P43504	NIR_LEPMC
P43691	GATA4_CHICK
P45415	DAPB_KLEPN
P45456	ACEA1_SOYBN
P45457	ACEA2_SOYBN
P45521	ACT_PROCL
P45602	GALE_KLEPN
P45630	KAX27_CENLI
P45668	SCX2_HOTTA
P45735	PALY_VITVI
P45749	CCA_AERHY
P46155	TOP1_KLEAE
P46207	SYI_AQUPY
P46212	PDXJ_AQUPY
P46230	MUTY_AERHY
P46380	AROQ_AMYME
P46434	GST1_ONCVO
P46479	G6PI_CALFI
P46513	CAH2_FLALI
P46523	CLPA_BRANA
P46791	RS2_CRIGR
P46796	G3P_BORHE
P46804	SPD2_TRICX
P46865	KINL_LEICH
P46874	KLP2_BOMMO
P47237	PAX6_CHICK
P47721	TPIS_MYCPI
P47839	RS7_SALSA
P47921	NDK_SOLLC
P47981	NADR_KLEPN
P48028	CYSM_PSESY
P48063	GCH1_BACPU
P48072	RBL_EUGMY
P48073	RBL_EUGPI
P48074	RBL_EUGST
P48075	RBL_EUGVI
P48393	CHSA_IPOCO
P48394	CHSB_IPOCO
P48395	CHSA_IPONI
P48396	CHSB_IPONI
P48399	CHSC_IPOPU
P48400	CHSA_IPOPL
P48401	CHSA_IPOTF
P48402	CHSB_IPOTF
P48403	CHSA_IPOTR
P48404	CHSB_IPOTR
P48438	GSTF_BRAOT
P48492	TPIS_GRAGA
P48493	TPIS_LACSA
P48520	CYB_ABROL
P48618	FAD3C_BRANA
P48671	VIM1_CARAU
P48672	VIM2_CARAU
P48687	RBL_CALSH
P48691	RBL_CHOCR
P48692	RBL_HAPHI
P49114	SODM_CAVPO
P49208	RK1_PEA
P49218	MTR1A_RAT
P49277	DERP6_DERPT
P49315	CATA1_NICPL
P49342	ICAL_CHLAE
P49360	GCSH_FLAPU
P49390	CYB_BRANA
P49612	METK1_PEA
P49801	RGS6_RAT
P49807	RGS11_RAT
P49818	CH60_CANLF
P49823	ODPA_CANLF
P49870	HR38_BOMMO
P49974	KAD_STRLI
P50044	URE23_HELMU
P50045	URE1_HELMU
P50046	URE1_PHODD
P50060	SODM3_LEPBY
P50180	LEU3_NEILA
P50181	LEUD_NEILA
P50212	ISL2B_ONCTS
P50353	NODB_BRASN
P50434	GLYA_CORS1
P50657	COX3_ANAPL
P50661	COX2_CALGO
P50664	NU4M_MACFA
P50665	NU5M_MACFA
P50671	COX1_CHORO
P50706	DEFA8_MOUSE
P50709	DFA11_MOUSE
P50712	DFA14_MOUSE
P50923	ALF2_RHOCA
P51006	PAPO3_XENLA
P51047	MR1AL_DANRE
P51076	CHSY_FRAAN
P51079	CHS6_MEDSA
P51080	CHS7_MEDSA
P51086	CHS4_TRISU
P51109	DFRA_MEDSA
P51120	GLN1B_TRITH
P51453	RELX_CAVPO
P51454	REL1_PANTR
P51462	IGF1_COTJA
P51463	INS_SELRF
P51596	GCH1_ONCMY
P51597	GCH1_EUGGR
P51598	GCH1_MUCPU
P51600	GCH1_PHYBL
P51605	NIFD_METIV
P51750	RCEL_PARPM
P51751	RCEM_PARPM
P51783	HXA9_CAVPO
P51845	PDC1_TOBAC
P51851	PDC2_PEA
P51889	PCP_ALECO
P51894	VE1_CRPVW
P51898	NU4M_ANOAR
P51899	NU5M_ANOAR
P51941	CYB_DROSU
P52087	UVRA_PAULE
P52201	PUR8_SPICI
P52206	GNA11_CANLF
P52239	IOVO_BALPA
P52241	IOVO_AEPAR
P52242	IOVO_HAEME
P52243	IOVO_CORAL
P52244	IOVO_COLMD
P52245	IOVO_CROCS
P52246	IOVO_GUIGU
P52248	IOVO_NOTPE
P52249	IOVO_OPIHO
P52250	IOVO_POLNP
P52251	IOVO_RHYFU
P52253	IOVO_SCYNO
P52254	IOVO_TINMA
P52256	IOVO_TURME
P52258	IOVO_AFRCO
P52259	IOVO_BAMTH
P52260	IOVO_GUTPU
P52261	IOVO_LOPBU
P52262	IOVO_LOPLE
P52263	IOVO_PAVMU
P52264	IOVO_PODST
P52265	IOVO_CARPF
P52266	IOVO_GALAS
P52267	IOVO_GALVA
P52268	IOVO_HALAL
P52269	IOVO_SYRMI
P52336	NIFH_NOSSN
P52337	NIFD_NOSCO
P52396	E13I_TOBAC
P52397	E13J_TOBAC
P52400	E131_SOLTU
P52402	E133_SOLTU
P52419	PUR1_VIGAC
P52421	PUR2_VIGUN
P52571	REHY_BROSE
P52900	ODPA_SMIMA
P52929	SP0A_BREPA
P52931	SP0A_NIACI
P52932	SP0A_PRIMG
P52933	SP0A_BACPU
P53398	KAD_STRGR
P53410	ISL2_CHICK
P53417	NODC_BRAEL
P53459	ACT6_DIBDE
P53491	ACT_ACEPE
P53643	SODM_MYCCE
P54008	NAT10_ACHAM
P54084	RNR_ACIFR
P54153	MSRA_SOLLC
P54247	ACHX_ONCVO
P54248	ACHA_CRORS
P54249	ACHA_ERICO
P54251	ACHA_HERIC
P54407	SODC_DROBS
P54410	TCPH_TETTH
P54613	2AAB_PIG
P54836	IDH3A_CANLF
P55026	TYRO_PELSI
P55070	G3P_LACDT
P55071	G3P_AMAMU
P55134	TRMA_NEIGO
P55195	PUR6_VIGAC
P55247	GON1_MACMU
P55275	TPIS_HELVI
P55738	CCAC_AMPCA
P55747	CBP21_HORVU
P55748	CBP22_HORVU
P55793	GRDB_GOTPU
P55820	SNP25_RABIT
P55879	GLI2_CHICK
P55901	PTEB_AERHY
P55932	ETFD_PARDE
P55941	CRG4_XENLA
P55964	KPYG_RICCO
P55968	PO4F1_CHICK
P56151	CY550_APHFL
P56187	COAE_CORGT
P56210	RL11_GEOSE
P56265	NIFB_KLEOX
P56527	APHA_PROMI
P56532	GLB_DICDE
P56578	MALF3_MALFU
P56599	GAL1_CANMA
P56600	GAL10_CANMA
P56625	LEC_VICVI
P56629	CYB_ASPFL
P56630	CYB_ASPFM
P56631	CYB_ASPTE
P56670	MAZ_MESAU
P57690	DMRT1_TRASC
P57770	AKA10_PIG
P57999	ZAN_RABIT
P58020	CD59_SHEEP
P58101	COAE_CORAM
P58290	SIGA_LACLC
P58305	TXGRX_BUNCN
P58387	PSAB_PROHO
P58689	21DD_HETMG
P58690	22DD_HETMG
P58763	CKX_WHEAT
P58864	STAR_SALAL
P58909	LECA_DIOVO
P58963	DPO4_ESCFE
P59066	PA2_AUSSU
P59072	3S331_PSETE
P59073	3S332_PSETE
P59677	CLH1_CHEAL
P59678	CLH2_CHEAL
P59760	GLYL_BOVIN
P59761	LGEN_BOVIN
P60193	RNZN_WHEAT
P60207	CM3A_CONSE
P60235	3SI13_DENAN
P60236	3SI14_DENAN
P60316	HOOK3_BOVIN
P60623	CRVP_TRIST
P61094	SFIF_SEGFL
P61246	RS3A_FELCA
P62279	RS13_PIG
P62285	ASPM_BOVIN
P62288	ASPM_FELCA
P62297	ASPM_SHEEP
P62336	IOVO_CASBE
P62337	IOVO_CASCA
P62376	3S12_HYDCY
P62756	IATR_CAPHI
P62757	IATR_SHEEP
P62972	UBIQP_XENLA
P63181	CBLN1_PIG
P67804	GSTT1_DROMA
P67887	IOVO_CHACH
P67888	IOVO_CHATO
P67889	IOVO_DENAR
P67890	IOVO_DENAC
P67891	IOVO_DENAU
P67892	IOVO_DENBI
P67893	IOVO_LOPDI
P67894	IOVO_LOPIG
P67895	IOVO_PENJC
P67896	IOVO_PENSU
P67940	IOVO_LEUAL
P67941	IOVO_PYGAD
P67942	IOVO_RHEAM
P67943	IOVO_RHEPE
P67944	IOVO_TYMCU
P67945	IOVO_CENUR
P67946	IOVO_TRABL
P67947	IOVO_TRACA
P67948	IOVO_TRASA
P67949	IOVO_TRATE
P67950	IOVO_LOPIM
P67951	IOVO_CROAU
P67952	IOVO_CROMA
P67953	IOVO_LOPED
P67954	IOVO_LOPNY
P67955	IOVO_LOPSW
P67956	IOVO_PUCMA
P67957	IOVO_CATWA
P67958	IOVO_SYREL
P67959	IOVO_SYRHU
P67960	IOVO_SYRSO
P67961	IOVO_LAGLU
P68000	COLI_BALBO
P68001	COLI_BALPH
P68116	FIBB_SHEEP
P68117	FIBB_CAPHI
P68118	FIBB_CEREL
P68119	FIBB_CEREN
P68120	FIBB_EQUAS
P68121	FIBB_HORSE
P68122	FIBB_LAMGL
P68123	FIBB_CAMDR
P68124	FIBB_LAMVI
P68127	IOVO_CHRPC
P68128	IOVO_CHRAM
P68129	IOVO_CYGAT
P68130	IOVO_CYGOL
P68131	IOVO_OXYJA
P68132	IOVO_OXYVI
P68144	IOVO_AIXGA
P68145	IOVO_AIXSP
P68146	IOVO_ALECH
P68147	IOVO_ALERU
P68148	IOVO_ALOAE
P68149	IOVO_ANACA
P68150	IOVO_ANAPL
P68151	IOVO_CHLPI
P68152	IOVO_CYACY
P68153	IOVO_LOPSP
P68154	IOVO_LOPCU
P68155	IOVO_NEOJU
P68156	IOVO_SARME
P68157	IOVO_TADRA
P68212	FIBA_VULVU
P68213	FIBA_CANLF
P68253	1433G_SHEEP
P68352	CSN1_BRAOL
P68353	CSN2_BRAOL
P68354	CSN5A_BRAOL
P68355	CSN5B_BRAOL
P68358	CSN3_BRAOL
P68359	CSN4_BRAOL
P68374	IOVO_GYPCO
P68375	IOVO_POLRA
P68376	IOVO_AQUAU
P68377	IOVO_NECMO
P68378	IOVO_FULAT
P68379	IOVO_GALCH
P68380	IOVO_GRUJA
P68381	IOVO_ANTVI
P68382	IOVO_ANTVP
P68383	IOVO_BUGCA
P68384	IOVO_VANSP
P68385	IOVO_LARMA
P68386	IOVO_CHRRI
P68387	IOVO_CALCC
P68388	IOVO_CALGM
P68389	IOVO_ANSAN
P68393	IOVO_BRACA
P68394	IOVO_ANSCA
P68395	CSN7_BRAOL
P68396	CSN8_BRAOL
P68436	IOVO_MELOE
P68437	IOVO_ANSIN
P68468	IOVO_NUMME
P68469	IOVO_ACRVU
P68470	IOVO_PHACO
P68471	IOVO_PHAVE
P68499	MT_PHACO
P68755	HEMA_INBF3
P68756	HEMA_INBF4
P68757	HEMA_INBF5
P68758	HEMA_INBF6
P68759	HEMA_INBF7
P68760	HEMA_INBF8
P69110	H32_TETAM
P69111	H32_TETAU
P69112	H32_TETCA
P69113	H32_TETCU
P69114	H32_TETEL
P69115	H32_TETFU
P69116	H32_TETHY
P69117	H32_TETLE
P69118	H32_TETMA
P69119	H32_TETMI
P69120	H32_TETNA
P69121	H32_TETNI
P69122	H32_TETPR
P69123	H32_TETPA
P69124	H32_TETPI
P69125	H32_TETRO
P69126	H32_TETSO
P69127	H32_TETTR
P69219	CYB_ARCCN
P69220	CYB_AMPCI
P69221	CYB_AMPLA
P69240	DEF1_BRANA
P69315	UBIQP_LINUS
P69438	TMC47_THAMA
P69477	NEP2_NEPDI
P69567	RBL_EUPCH
P69568	RBL_EUPDU
P69569	RBL_EUPES
P69629	RR4_AGABR
P69630	RR4_ALOPR
P69631	RR4_BOTIS
P69632	RR4_ARICA
P69633	RR4_ARIPL
P69634	RR4_PSEJP
P69635	RR4_BRAPI
P69636	RR4_BRASY
P69637	RR4_CALEP
P69638	RR4_CINLA
P69639	RR4_CRONU
P69640	RR4_AVEFL
P69641	RR4_ELYCA
P69642	RR4_FESGI
P69643	RR4_GLACO
P69644	RR4_HORMA
P69645	RR4_LAMAU
P69647	RR4_MICJU
P69648	RR4_PHLPR
P69649	RR4_PHYFL
P69650	RR4_SETVI
P69651	RR4_SISSP
P69652	RR4_SISST
P69653	RR4_TRIDA
P69654	RR4_MELRE
P69679	RR4_YUCFI
P69765	CT5A_CONVC
P69768	CT5B_CONVC
P70560	COCA1_RAT
P70722	SRP54_ACIAM
P72065	GYRA_MYCXE
P72314	AHPC_RHORU
P74750	DPO3A_SYNY3
P77839	RPOC_BROTH
P77875	NIFK_HERSE
P77877	G6PI_KLEOX
P77882	RPOC_LISGR
P77917	RPOC_PEDAC
P79152	CP3AJ_CAPHE
P79176	FPR1_GORGO
P79177	FPR2_GORGO
P79189	FPR1_MACMU
P79190	FPR2_MACMU
P79211	NPY2R_SHEEP
P79235	FPR1_PONPY
P79236	FPR2_PONPY
P79237	FPR3_PONPY
P79241	FPR1_PANTR
P79242	FPR2_PANTR
P79291	OPRD_PIG
P79404	MCR_PIG
P79693	IHH_CARAU
P79696	TWHH_CARAU
P79711	IHH_DANKE
P79712	DHH_DANKE
P79715	TWHH_DANKE
P79719	IHH_DANAP
P79729	DHH_DANRE
P79779	TBX6L_CHICK
P79852	IHH_PUNTE
P79853	DHH_PUNTE
P79855	TWHH_PUNTE
P79860	IHH_RASEL
P79866	IHH_TRIHE
P79871	IHH_RASPA
P80055	CP2A7_PAPSP
P80056	CP3A5_PAPSP
P80083	ATPBM_SPIOL
P80084	ATPG3_SPIOL
P80085	ATP4_SPIOL
P80086	ATP6_SPIOL
P80087	ATPO_SPIOL
P80100	LHA1_HALHL
P80101	LHA2_HALHL
P80102	LHA1_HALHR
P80104	LHB1_HALHL
P80105	LHB2_HALHL
P80106	LHB1_HALHR
P80107	LHA3_HALHL
P80171	LASP1_PIG
P80212	SDHA_ANAPI
P80213	SDHB_ANAPI
P80237	GDIR1_CAVPO
P80250	PMCH_RAT
P80342	CATL2_FASHE
P80343	MCPB_BOVIN
P80346	DBD23_ASPNG
P80350	ROAB_ARTSA
P80427	TALDO_CARMA
P80503	DLDH_SOLTU
P80504	ATPO_SOLTU
P80551	RNAS2_PIG
P80575	AROF_STRRM
P80582	SODM_MYCSI
P80602	BAS1_WHEAT
P80616	METK_MAIZE
P80652	TM2A_METMA
P80701	DIDH_PSESP
P80733	SODM_STRGR
P80737	H41_BLEJA
P80738	H4Y_BLEJA
P80887	IPYR_CYAPA
P80892	TRXB_ALIFS
P80916	ACP_ACICA
P80919	ACP_ERYLO
P80924	PHLC_STAIN
P80943	CD1B3_SHEEP
P80951	FNO_METOG
P81041	HBO_NOTEU
P81072	AMPD1_RABIT
P81073	AMPD1_CHICK
P81077	PLIA_BOTAS
P81078	CYC31_DESAC
P81079	CYC35_DESAC
P81080	RBL_PINPS
P81081	CAMT_PINPS
P81082	SODCP_PINPS
P81185	PCCA_MYXXA
P81195	H31_STYLE
P81196	H39_STYLE
P81197	H33_STYLE
P81198	H34_STYLE
P81199	H35_STYLE
P81200	H36_STYLE
P81201	H37_STYLE
P81202	H38_STYLE
P81241	CHLY_CARPA
P81244	CYC6_PROHO
P81246	PDIA3_PAPHA
P81271	MYH11_PIG
P81348	TPIS_CLOPA
P81429	EST1_SCHGA
P81475	CFBL_CHICK
P81494	CATB_COTJA
P81528	ALYS_MYCPH
P81539	FERB_SULME
P81541	FER_ACIIN
P81542	FER_METPR
P81571	DEFD2_SPIOL
P81593	2AMD_PSEOL
P81609	COG2_CARMA
P81643	GLNA2_EMIHU
P81663	ATPBM_PINPS
P81714	CYT_NAJAT
P81731	AMPN_HELAM
P81797	VM3M_ECHML
P81798	SLR_ECHML
P81800	PPB1_PREIN
P81801	PHE_STRMO
P81802	FIBR_EISFE
P81863	PAP1_PARMA
P81864	PAP2_PARMA
P81874	CH60_ACICA
P81880	GLUC_PIAME
P81893	DHAPP_DROSI
P81895	ODO1_SOLTU
P81896	ODO2_SOLTU
P81949	DGPA_BACLI
P82025	IOTA_GONVI
P82045	CYB_CERNT
P82046	CYB_CERNP
P82047	CYB_CERNN
P82048	CYB_CERNH
P82049	CYB_CERNA
P82447	LEG1_PODHI
P82456	TRI18_MUSCR
P82530	CRYAA_GALRU
P82536	TLP20_SPIOL
P82539	DNJC1_CANLF
P82607	GST67_DICLA
P82608	GST82_DICLA
P82895	PA2A4_TRIST
P82897	H2A_OLILU
P82898	H1A_OLILU
P82989	CYC3C_DESAF
P82992	IPYR_BLAVI
P82996	GSTE_PSEPU
P82997	GSTE_PSEUF
P82999	GSTE1_PSEUO
P83000	GSTE2_PSEUO
P83001	GSTE_PSEFL
P83048	IAA_SECCE
P83054	HEP1_BACSE
P83077	G3P2_BACCE
P83113	HBA2_TELPE
P83127	NAGAB_BOSIN
P83128	FETA_BOSIN
P83140	AFP1S_MALPA
P83141	AFP1L_MALPA
P83142	AFP2S_MALPA
P83143	AFP2L_MALPA
P83145	UK114_CHICK
P83146	ASL1_BACSE
P83147	ASL2_BACSE
P83148	MEFP_MYTED
P83158	PSAC_ANASL
P83162	PHCA_ANASL
P83171	GNK1_GINBI
P83174	HCY1_CANPG
P83200	PRDX5_VULVU
P83215	HSP3_OCTVU
P83222	NUC34_STRAT
P83252	BGAL_HORVU
P83323	RIP_SIRGR
P83324	RIP_FLAVE
P83328	RS30_ONCMY
P83340	EPIP1_EPING
P83344	XYNB_PRUPE
P83402	AL7A1_ACASC
P83420	CEC_OIKKI
P83447	MDO2_ANAMC
P83448	CLRA_STUCH
P83451	ASPG_ASOTA
P83470	PLF4_RABIT
P83505	ATPB_BRACM
P83511	LEC_DELRE
P83572	ARALA_ARAEL
P83573	ARALB_ARAEL
P83609	BMTIA_RHIMP
P83628	IBP2_ONCTS
P83629	LIPP_FELCA
P83662	ACMSD_PIG
P83672	AGG1_POMFL
P83681	DPP3_BLACR
P83708	ODO2_DELAC
P83712	ASPQ_DELAC
P83721	LEC1_CRAMO
P83722	NU160_XENLA
P83837	H2B_CYPCA
P83856	KNG_GADMO
P83857	KNG_ANAMI
P83864	H3_PENVA
P83891	IMPL_MOUSE
P83896	TX36A_PHOKE
P83903	TX18_PHORI
P83918	PEM_IRPLA
P83944	ALR_PENMO
P83946	ATRY_NOTEU
P83966	MDARF_CUCSA
P83973	LECF_RHIST
P83989	RACD_ANABR
P83999	TX30_PHONI
P84000	TX20B_PHORI
P84026	THBI_BOTJA
P84093	TOPC5_PHONI
P84122	THRB_SALSA
P84159	GLP1_CITSI
P84172	EFTU_CHICK
P84188	SGAT_WHEAT
P84194	GUNA_GLOTR
P84196	GUNB_GLOTR
P84279	RN2B_LITPA
P84282	LECA_PHYAM
P84310	CTR1_LUMTE
P84334	TLP_SENDI
P84340	PHCA_LIMFS
P84463	AL7A1_CTEID
P84468	FERA_PARDE
P84469	FERB_PARDE
P84470	VKTH8_BUNCA
P84471	VKTH1_BUNCA
P84472	PA2BT_BUNCA
P84473	VKTH2_BUNCA
P84474	PA2BU_BUNCA
P84475	PA2BA_BUNCA
P84476	MBSP_SAUWA
P84477	MBSP_CYPCA
P84478	MBSP_SAUUN
P84520	ADA2_CHICK
P84528	RNAM_PLESA
P84534	ILV5_POPEU
P84535	PRVA_RANTE
P84536	PRVB_RANTE
P84537	CAH_LOBCS
P84549	TBA_POPEU
P84582	ATPA_POPEU
P84619	HCYA_CONCC
P84620	HCYB_CONCC
P84633	SSG1_FAGES
P84708	CAI_PHAVU
P84718	PSBO_PINST
P84719	LGUL_PINST
P84723	CLPP_PINST
P84754	CHIT_STRVL
P84775	IGF1B_XENLA
P84782	2SS1_BRAOA
P84784	RNHI1_THEGA
P84794	AFPJ_SOLTU
P84803	CRVPO_NAJKA
P84804	CRVPN_NAJHH
P84806	CRVPP_NAJHH
P84807	CRVPA_NAJHH
P84812	MPHES_MICSP
P84813	POTM1_SOLTU
P84867	RNAM_PLEOS
P84868	DEF_VIGUS
P84883	NETNE_TRYCR
P84885	AMPI_ANTMY
P84886	CURVA_LATCU
P84909	PROK1_PELSA
P84910	CYT2_CAPHI
P84911	CYT1_CAPHI
P85004	AMML_ASTMO
P85026	PPO_ZINOF
P85033	TXF28_CTEON
P85034	TXF27_CTEON
P85039	VKTC8_DABSI
P85040	VKTC9_DABSI
P85041	VKT10_DABSI
P85046	PRP1_SIMDA
P85085	RBL_VITSX
P85088	ATPBM_VITSX
P85106	NPF_HELZE
P85114	OSTR2_STRCA
P85115	OSTR3_STRCA
P85116	OSTR4_STRCA
P85143	NAAA_LYSSP
P85144	F3012_CTEON
P85149	LAC2_CERUI
P85152	LYS1_LYSSX
P85153	CO2A1_MAMAE
P85155	ENPL4_LYSSX
P85156	ASE1_ACRSP
P85157	ASE2_ACRSP
P85158	PRTL5_LYSSX
P85190	FTSH_HELAN
P85262	TX35B_CTEON
P85263	TX35A_CTEON
P85264	TX35C_CTEON
P85265	TX35E_CTEON
P85266	TX35D_CTEON
P85268	TX20A_CTEON
P85269	TX20B_CTEON
P85270	TX21A_CTEON
P85277	TX36D_CTEON
P85278	TURM_CURLO
P85280	NDKB_MERME
P85281	NDKB_MERCP
P85282	NDKB_MERSE
P85283	NDKB_MERPO
P85284	NDKB_MERPA
P85291	NDKB_MACNO
P85292	NDKB_MACMG
P85295	ALBU_CAPHI
P85308	LAC1B_CERUI
P85310	AATM_CATRO
P85312	HBBA_CATCL
P85313	HBBB_CATCL
P85317	PER_GINBI
P85318	FIBR_CORMI
P85362	LEU1_CYCRE
P85410	OMP5_GLAPU
P85429	3SA1F_NAJAT
P85441	RH1_CATRO
P85446	ATPB_PENGL
P85498	ITRA_ALBKA
P85512	NAHA1_PALCA
P85814	TPIS_PLAOI
P85868	PHCA_APHFL
P85869	PHCB_APHFL
P85876	ETCM_ENTFC
P85881	PLS1_PITAZ
P85913	CADH1_PSEMZ
P85916	CADH2_PSEMZ
P85974	AGA34_AGAAL
P85986	SPTB2_CAPHI
P86011	CUTI2_COLGL
P86012	CUTI2_COLKA
P86043	PA21B_STRCA
P86085	PME_CAPCH
P86101	SCBM1_MEGVE
P86103	PER1_VITRO
P86105	KAX6X_OPICY
P86115	KAX6W_OPICY
P86120	PA22_OPICY
P86121	KBX3L_OPICY
P86168	COLUA_COLDE
P86181	CHIT_AVESA
P86196	ROP1_MESAU
P86198	BDH_MESAU
P86203	NDUS1_MESAU
P86204	HSP72_MESAU
P86205	VATA_MESAU
P86207	RAB2A_MESAU
P86209	CAPZB_MESAU
P86211	G3PT_MESAU
P86214	GSTM5_MESAU
P86222	ODPB_MESAU
P86225	IDH3A_MESAU
P86226	SUCB1_MESAU
P86231	ODO1_MESAU
P86235	PDIA3_MESAU
P86241	PRDX5_MESAU
P86246	K1C19_MESAU
P86247	K2C8_MESAU
P86250	NDUS2_MESAU
P86254	SODM_ALTAL
P86265	HS74L_MESAU
P86268	ANTF_ANTPS
P86275	GAK1B_XENLA
P86289	CO1A1_BRACN
P86290	CO1A2_BRACN
P86316	BDEF_RUDPH
P86330	FIBR_HEDJA
P86356	APL3_HELVI
P86363	OSMO_CALPC
P86401	CTXL_MESEU
P86409	RGPA1_PIG
P86420	3S11_MICFR
P86425	3S16_MICFR
P86450	XYL1_MEDSA
P86454	CLC65_PETMA
P86461	BDS16_BUNCN
P86467	TX9AN_BUNCN
P86520	SBTXA_SOYBN
P86522	3L2A2_ACAAN
P86526	RHAMA_LACRH
P86527	NLTP1_NIGSA
P86536	VM3CX_DABRR
P86545	VSP_NAJNA
P86548	SBTXB_SOYBN
P86600	MALNA_MALOL
P86601	MALNB_MALOL
P86682	HETN_HAEDE
P86688	CRP1_GADMO
P86689	CRP2_GADMO
P86696	MAF1_MUSDO
P86701	IBB1_LATSA
P86702	NAUT_NAUMA
P86782	ALB2_LENCU
P86808	LMDH_PSEPU
P86833	DBD34_SEDHY
P86876	FIBR2_HEDJA
P86897	GTF4_LEUME
P86922	LECT_GANLU
P86977	CHIT_STRVO
P86978	ENOB_THUAL
P86989	SCXP_RHOJU
P86990	NTVP_RHOJU
P86992	SCXB_RHOJU
P87347	MOS_APTAU
P87416	CYB_ELASE
P87419	CYB_CERCE
P87421	CYB_ATRMI
P90516	H42_BLEJA
P91697	PER_DROPU
P91895	TPIS_ANOME
P91919	TPIS_CULPI
P92119	TPIS_AEDTO
P92463	RBL_ISOTA
P92492	NU4M_AGKCO
P92494	NU4M_AZEFE
P92503	NU4M_AGKPI
P92613	NU4M_CALRH
P92623	NU4M_DEIAC
P92649	NU4M_LACMU
P92681	NU4M_OVOOK
P92759	NU4M_TRIST
P92793	NU4M_PROEL
P92794	NU4M_PROFL
P92845	CYB_AGKCO
P92846	CYB_BOTAT
P92847	CYB_BOTBI
P92849	CYB_BOTSC
P92850	CYB_CROAT
P92852	CYB_GLOBL
P92853	CYB_LACMU
P92857	CYB_TRIST
P93869	RBL_TAMIN
P94469	LEVB_GEOSE
P94694	DSVB_MEGG1
P94899	RPOC_LEUPS
P95405	RPOC_OENOE
P95506	HEMN_MANHA
P96177	RPOC_WEIHE
P96178	RPOC_WEIPA
P96313	SECA_CYTFI
P96315	CR1AF_BACTU
P96348	BLA6_KLEPN
P96771	PURA_AGGAC
P96985	TPIS2_RHIEC
P97273	TITF1_CAVPO
P97740	EDN1_CAVPO
P97776	ADA18_RAT
P98003	COX1_STROO
P98052	COX2_THETH
P98089	MUC2L_RAT
P98094	CO3_EPTBU
P98138	TGFA_RABIT
P99504	ATPB_CANLF
P99505	THIO_CANLF
P99507	SUCB1_CANLF
Q00002	PDI_ALTAL
Q00006	2ABB_RABIT
Q00270	CAPSD_HEVRH
Q00301	G3P_BOLED
Q00502	COX1_PARVE
Q00520	LIPB_PARVE
Q00685	CO3_LETCA
Q00868	ESYN_GIBPU
Q01170	NIA_CHLVU
Q01323	OTC_NEIFL
Q01325	OTC_NEIME
Q01327	OTC_NEIPO
Q01458	DIAC_BOVIN
Q01516	ALFC1_PEA
Q01548	PER2_HORVU
Q01622	HLOX2_HELRO
Q01636	LAMBV_CHICK
Q01741	CP1A2_CHICK
Q01757	ACVS_STRCL
Q01866	CIPB_ACETH
Q01994	RISBA_PHOLE
Q02012	POLG_LIVSB
Q02066	AAIP_WHEAT
Q02226	COXT_SOYBN
Q02285	AROF_ENTAG
Q02415	KRUP_CUPSA
Q02439	E13F_HORVU
Q02478	POLG_LIVN1
Q02513	VE1_HPV53
Q02941	POL1_APMV
Q02997	MRM1_LACK1
Q03352	ANT3_CHICK
Q03353	PER_DROMA
Q03363	DNJH1_ALLPO
Q03425	GSTZ2_DIACA
Q03556	CAP8_ADEB3
Q03681	BIP1_TOBAC
Q03682	BIP2_TOBAC
Q03683	BIP3_TOBAC
Q03686	BIP8_TOBAC
Q03710	CFAB_PIG
Q04236	VATA1_EQUAR
Q04237	VATA1_PSINU
Q04238	VATA2_EQUAR
Q04239	VATA2_PSINU
Q04615	VINC_XENLA
Q04668	KPYK_LEIBR
Q04680	ATNG_SHEEP
Q04884	OPAH_NEIGO
Q05000	MYS_PODCA
Q05007	ABDA_ARTSF
Q05095	CDX1_RAT
Q05326	PDC2_MAIZE
Q05327	PDC3_MAIZE
Q05537	CHID_SOLLC
Q05544	NO551_SOYBN
Q05795	RBL_BARLO
Q05796	RBL_BRASC
Q05797	RBL_CABCA
Q05799	RBL_EURFE
Q05801	RBL_NUPVA
Q05802	RBL_NYMOD
Q05803	RBL_VICCZ
Q05965	FL3H_MATIN
Q06015	CHI3_ARAHY
Q06155	VAP1_STRPU
Q06255	CRG5_XENLA
Q06355	PPOB_SOLTU
Q06811	ABA1_ASCSU
Q06838	ATP9_WICPI
Q07049	RBL_ILEPE
Q07051	EF1A_EIMBO
Q07233	ATPB_SCHGA
Q07353	FL3H_PETHY
Q07463	PUR7_VIGAC
Q07920	HEMA_INBF9
Q07925	HEMA_INBF1
Q07926	HEMA_INBF2
Q08046	EF1A_GIAIN
Q08094	CNN2_PIG
Q08200	RL10_CHICK
Q08410	TYRO_COTJA
Q08518	UVRA_VITST
Q08628	TBA_BLEJA
Q09005	STM1B_XENLA
Q09039	TH23_TRYBB
Q09053	DHM2_METSP
Q09062	ITB2_XENLA
Q09093	CATL1_FASHE
Q09120	GP_PUUMU
Q09122	SCRB_FUSMR
Q09124	SCRK_LACLL
Q09158	NIFH_DESMC
Q09333	COX1_ALBTU
Q0NZX6	VM2JR_BOTJA
Q0NZX7	VM3B4_BOTJA
Q0NZX8	VM3B3_BOTJA
Q0NZX9	VM3B2_BOTJA
Q0NZY0	VM3B1_BOTJA
Q0QEL7	CISY_MESAU
Q0QEP2	ATPB_MESAU
Q10370	HMGYB_SOYBN
Q10736	AMPN_ACEPA
Q10987	MIH_PROBO
Q11212	ACT_SPOLI
Q12548	SODC_ASPJA
Q12663	SAHH_PNECA
Q16998	LWA_ACTEQ
Q17093	LWA_ANESU
Q17094	OPSD_ALLSU
Q17103	MYC_ASTRU
Q1EN12	DRS12_PHYSA
Q1I164	SCX7_TITDI
Q1I165	SCX2_TITZU
Q1I167	SCX6_TITDI
Q1I169	SCX5_TITDI
Q1I172	SCX12_TITDI
Q1I173	SCX11_TITDI
Q1I174	SCX4_TITDI
Q1I176	SCX10_TITDI
Q1I177	SCX3_TITDI
Q1I178	SCX9_TITDI
Q1KN12	NTF3_ERYJO
Q1KN14	NTF3_LOXBI
Q1KN16	NTF3_ERYCC
Q1KN19	NTF3_XENUN
Q1KN21	NTF3_ASPME
Q1KN23	NTF3_CHISR
Q1RQI9	THIO_MALSM
Q1W6C3	TEKT2_MESAU
Q1X6X8	NTF3_RAMSP
Q1X6Y0	NTF3_CALRI
Q1X6Y1	NTF3_ERYCN
Q1X6Y2	NTF3_TROHA
Q1X6Y3	NTF3_ANISC
Q1X6Y4	NTF3_CYLRU
Q1X6Y5	NTF3_ACRJA
Q1X6Y6	NTF3_MORSI
Q1X6Y8	NTF3_SANME
Q1X6Y9	NTF3_ACRDU
Q1X6Z0	NTF3_CANCA
Q1X6Z3	NTF3_EPICE
Q1X701	BDNF_CYLRU
Q1X705	BDNF_SANME
Q1X706	BDNF_ACRDU
Q1X711	BDNF_CORCI
Q20A05	DEFH2_CRAGI
Q20A06	DEFH1_CRAGI
Q23711	G6PD_CULPI
Q23933	DEC_DROER
Q23946	UBX_DROHY
Q24625	G6PD_DROSI
Q24703	UBX_DROVI
Q24708	CSW_DROVI
Q25019	G6PD_HYACE
Q25379	ACT3_LYTPI
Q25380	ACT4_LYTPI
Q25514	HUNB_MANSE
Q25520	RUNT_MANSE
Q25533	WNTG_MANSE
Q25537	G6PD_SARBU
Q26181	CHH_PENVA
Q26350	O17D_CONMA
Q26430	ABDA_MANSE
Q26516	PPIE_SCHJA
Q26656	HMX_STRPU
Q26677	FCA4_TRYBB
Q26896	CYAA_TRYCO
Q27262	LAMB1_HYDVU
Q27638	G6PD_DROYA
Q27952	CASK_BALPH
Q28400	CASK_EQUGR
Q28417	CASK_GIRCA
Q28422	CXCR2_GORGO
Q28441	CASK_HIPAM
Q28451	CASK_LAMGU
Q28466	PO2F1_NOTEU
Q28468	EDNRB_MACFA
Q28469	EDN1_MACFA
Q28470	EDN2_MACFA
Q28487	VACHT_MACFU
Q28519	CXCR2_MACMU
Q28550	PE2R3_SHEEP
Q28590	PRGR_SHEEP
Q28598	HXA4_SHEEP
Q28601	HXC9_SHEEP
Q28602	NPY1R_SHEEP
Q28654	2A5E_RABIT
Q28706	K1C12_RABIT
Q28739	BPI_RABIT
Q28794	CASK_PECTA
Q28807	CXCR2_PANTR
Q28810	K2C8_POTTR
Q28928	ACTHR_PAPHA
Q28970	MYO7A_PIG
Q28D99	GADL1_XENTR
Q29003	5HT1E_PIG
Q29005	5HT2B_PIG
Q29006	5HT4R_PIG
Q29135	CASK_TAPIN
Q29137	CASK_TRAJA
Q29150	CASK_PANUN
Q29187	RL4_PIG
Q29197	RS9_PIG
Q29277	PPR1B_PIG
Q29288	CCL5_PIG
Q29297	SCIN_PIG
Q29303	RS14_PIG
Q29308	RS19_PIG
Q29350	U2AF1_PIG
Q29384	PSB4_PIG
Q29387	EF1G_PIG
Q29478	CP2CV_CAPHE
Q29491	ALDH2_MACPR
Q29535	RNS_GIRCA
Q29538	RNS_SAITA
Q29539	RNS_CEPSI
Q29559	CXA4_PIG
Q29576	PSB8_PIG
Q29606	RNAS1_ORYLE
Q2F4N6	NS1_I05A1
Q2KIW5	CENPU_BOVIN
Q2LFN9	NCAP_I05A1
Q2LGZ2	ATPG_VIGUN
Q2VL76	MSX1_PROCO
Q2VL77	MSX1_LEPED
Q2VL78	MSX1_LEMCA
Q2VL79	MSX1_DAUMA
Q2VL80	MSX1_PERPO
Q2VL82	MSX1_SAGOE
Q2VL83	MSX1_LEORO
Q2VL85	MSX1_CALGO
Q2VL86	MSX1_SAIBB
Q31651	NU5M_ANSCE
Q31652	CYB_ANSCE
Q31684	CYB_ANOCU
Q31721	ATP6_BRATO
Q31952	NU5C_CAPBA
Q32026	RBL_CUNLA
Q32067	CHLB_CIBSC
Q32131	NU5C_DIGGR
Q32214	CHLB_EQUSC
Q32450	CHLB_ISOEC
Q32880	NU5C_POAPR
Q32905	NU5C_PEA
Q32ZM1	RM201_RHOMI
Q33076	CHLB_SPHCO
Q33093	CHLB_STAER
Q33113	NU5C_SESIN
Q33369	RBL_CORKO
Q33377	CYB_CANSI
Q33439	COX1_EPHMA
Q33452	CYB_EUMPE
Q33537	CYB_IDIPH
Q33607	CYB_LASNO
Q34076	NU4M_CAICR
Q34254	CYB_CHISL
Q34260	CYB_CHITR
Q34462	CYB_EUMGL
Q35117	CYB_NYCAU
Q35467	CYB_PLAHE
Q35805	CYB_SCICA
Q35942	CYB_STUTI
Q35994	CYB_TADBR
Q36090	ATP6_THUOB
Q36118	CYB_TOMRA
Q36150	NU4M_CARSF
Q36151	NU5M_CARSF
Q36291	CYB_MORKA
Q36294	CYB_MYOLE
Q36572	CYB_NYCHU
Q36590	CYB_NYCLA
Q36644	CYB_CORRA
Q36659	CYB_PROCE
Q36964	ATP6_ONCMA
Q36967	ATP6_SALTR
Q37282	RBL_TABHE
Q38IC8	IL2RA_PANTR
Q39444	FTSH_CAPAN
Q39527	LECR_CLAKE
Q39596	ACT_OXYRB
Q39785	CHI2_GOSHI
Q39979	VTSS2_HYOMU
Q39980	VTSS3_HYOMU
Q3SAF3	VNPC_PSEAU
Q3SAF6	VNPA_PSETE
Q3T930	EST5A_SHEEP
Q3YAU5	PA2_CHEFU
Q3ZD74	VM1L4_MACLB
Q40002	VATA_HORVU
Q40285	UFOG2_MANES
Q40286	UFOG4_MANES
Q40288	UFOG6_MANES
Q40289	UFOG7_MANES
Q40298	FCPD_MACPY
Q40300	FCPF_MACPY
Q40345	IDHP_MEDSA
Q40466	IF413_TOBAC
Q40469	IF4A6_TOBAC
Q40611	ATPA_OCHNE
Q40910	PAL4_POPKI
Q40963	MPA5B_PHLPR
Q41005	CBPX_PEA
Q41065	IBBA_PEA
Q41160	LCB3_ROBPS
Q41348	PDX1_STELP
Q41420	CALM3_SOLTU
Q41558	HBP1C_WHEAT
Q41773	VATL_MAIZE
Q41874	TBG3_MAIZE
Q42608	PME_BRACM
Q42652	SUS_BETVU
Q42669	ACOHC_CUCMC
Q42693	RUBB_CHLRE
Q42695	RUBC_CHLRE
Q42712	FATA_CORSA
Q42855	DCUP_HORVU
Q42942	UMPS_TOBAC
Q43090	NIR_PINSY
Q43617	PHS2_PHALU
Q43831	RUBB_SECCE
Q43907	GYRB_ACIBA
Q43947	GYRB_ACICA
Q44023	LEUC_CUPNE
Q44065	GYRB_ACIHA
Q44080	GYRB_ACIJU
Q44081	GYRB_ACIJO
Q44088	GYRB1_ACILW
Q44093	AROG_AMYME
Q44151	DHAS_ACTPL
Q44270	GYRB_ACIPI
Q44271	GYRB_ACIG6
Q44272	GYRB2_ACILW
Q44273	GYRB_ACIBZ
Q44274	GYRB_ACIGI
Q44275	GYRB_ACIS8
Q44276	GYRB_ACIS9
Q44277	GYRB_ACIVR
Q44278	GYRB_ACIS7
Q44428	LEUD_ACTTI
Q44498	CHLI_ANAVA
Q44843	PYRF_BARBA
Q45305	MURB_BACLI
Q46084	ANFK_RUMHU
Q46158	FNR_CAPOD
Q46159	FNR_CAPSP
Q47108	CEA_ECOLX
Q47823	DDL_ENTGA
Q47824	PDXA_ENTAG
Q47907	CCA_FRANO
Q47948	FNR_AGGAP
Q48463	MANB_KLEPN
Q49166	GYRA_MYCFV
Q49467	GYRA_MYCGO
Q49608	GYRA_MYCKA
Q4P6X6	PPIH_USTMA
Q4R2Z8	ZN541_MACFA
Q4R646	SYIM_MACFA
Q4R8T1	EFCB6_MACFA
Q50830	MTRE_METVA
Q50841	PDXS_METVA
Q51854	LIPB_PROHO
Q52846	NODM_RHILT
Q53461	BACH_HALAR
Q53B53	3L234_OPHHA
Q55348	RPOC1_SYNPZ
Q56037	DEOD_STRTR
Q56206	GLMS_SPHYA
Q56216	LEU1_THETH
Q56408	COX1_THETH
Q566I3	HYOU1_XENLA
Q56714	LAMB_VIBPH
Q56731	PDXB_SHESP
Q56850	LAMB_YEREN
Q59295	HEM2_RUMJO
Q59561	MURA_MYCSM
Q59591	KAD_NEIAN
Q59594	KAD_NEICI
Q59596	KAD_NEIFL
Q59615	KAD_NEILA
Q59619	RECA_NEIMU
Q59627	KAD_NEIPO
Q59628	KAD_NEIPH
Q59767	NADB_RHORU
Q59918	CYSK_STAHA
Q59920	FOLB_STAHA
Q5DWG0	CRJ36_CRYJA
Q5EE07	DID_ECHCA
Q5EZ82	ALTA1_ALTBO
Q5EZC5	ALTA1_STEBT
Q5FBW1	KLK2_BLABR
Q5M985	NGDNB_XENLA
Q5NKT8	ICAM4_PANTR
Q5PXH1	KISS1_MACMU
Q5R8Q7	GTPB1_PONAB
Q5RAD5	RTF1_PONAB
Q5RE15	PSMD8_PONAB
Q5RFH1	TWF2_PONAB
Q5TKS0	FABF_STAAU
Q5VJ77	SUB1_TRIVC
Q60080	DHAS_VIBMI
Q60436	SRRT_CRIGR
Q60453	TIMP2_CRILO
Q60480	IL1A_CAVPO
Q60481	CSF2_CAVPO
Q60564	LMX1B_MESAU
Q61J98	CLAP2_CAEBR
Q62590	TSHB_PHOSU
Q62951	DPYL4_RAT
Q63149	CADH4_RAT
Q63312	PHLB1_RAT
Q63603	DOCK9_RAT
Q64016	DFA17_MOUSE
Q64029	XPA_CRIGR
Q64K30	SUB1_ARTBE
Q687E1	NPP_HORVU
Q68PG2	SCX13_CENEX
Q68PG7	SCX8_CENEX
Q68PG8	SCX7_CENEX
Q68PG9	SCX6_CENEX
Q68PH0	SCX5_CENEX
Q68PH2	SCX3_CENEX
Q6DLV9	PCGF1_RAT
Q6DNL9	PB2_I02A4
Q6DNM0	PB2_I02A3
Q6DNM1	PB2_I02A2
Q6DNM2	PB2_I02A1
Q6DNS6	RDRP_I02A1
Q6DNV6	PA_I03A1
Q6DNW3	PA_I02A7
Q6DNX8	PA_I02A3
Q6DP37	NS1_I02A7
Q6DPQ6	M1_I02A7
Q6DPU2	M1_I02A1
Q6DQ15	HEMA_I02A7
Q6J844	PA_I03A0
Q6J847	RDRP_I02A5
Q6KF81	PHCY2_HOMAM
Q6KF82	PHCY1_HOMAM
Q6Q249	PA14_POLDO
Q6Q250	PA13_POLDO
Q6Q251	PA12_POLDO
Q6T627	OXLA_BITGA
Q6UIM1	ZNHI3_MACMU
Q6UIM2	ZNHI3_PANTR
Q6V9H4	PDGFD_RABIT
Q6VZ17	HUNKB_XENLA
Q6WNQ9	C81E9_MEDTR
Q6XI71	NDKA_DROYA
Q768S8	PRMG_GORST
Q7DMP0	CALM2_SOLTU
Q7LZ24	SLLC2_VIPAP
Q7LZ31	LETH1_HELHO
Q7LZF4	VSP4A_CERCE
Q7LZF5	VSPC1_CROAT
Q7LZF6	VSPE2_CROAT
Q7LZG1	ACES_NAJOX
Q7LZG5	PA2_NOTSC
Q7LZI6	SLB_PROTO
Q7LZJ1	VM1_CROMN
Q7LZK6	SLA_PROTO
Q7LZQ6	PA2BD_BUNFA
Q7M0V7	ENO_CLODI
Q7M1L0	CB23C_PEA
Q7M1L7	RIP1_SAPOC
Q7M269	PHEG1_GASCO
Q7M290	PMA_AVESA
Q7M323	PLMN_CAPHI
Q7M3P2	GAMP_PROCL
Q7M3Y8	TPM_TURCO
Q7M3Z5	H4_SEPOF
Q7SIB3	CO4A2_BOVIN
Q7T248	SLA_ECHCA
Q7YD73	CYB_HYPSA
Q7Z1N0	A1X1_LOXAR
Q809M5	RDRP_I01A2
Q809M7	RDRP_I01A1
Q809P5	PB2_I01A3
Q809P9	PB2_I01A0
Q809Q1	PB2_I01A2
Q809Q3	PB2_I01A1
Q80IQ5	NSP5_ROTKU
Q80XG2	IL21_PERMA
Q84056	NS1_I57A4
Q84I54	HIS5_BUCSC
Q84I55	HIS5_BUCMH
Q84I56	HIS5_BUCDN
Q84IL8	PDXS_CLONO
Q84N37	PVIP_PEA
Q84TU6	PETD_EUGGR
Q867X2	ACES_CULQU
Q867X3	ACES_CULPP
Q86GC9	ACES_CULTO
Q86QI0	H1L2_OSTED
Q86RB2	CA1C_CONGE
Q875Q0	SEC24_LACK1
Q89251	POLG_WMV2T
Q8AVK2	LN28B_XENLA
Q8AX00	MOS_SIBNE
Q8AX01	MOS_DENAN
Q8AX02	MOS_ATHSQ
Q8G9M2	GCSP_RHOFA
Q8GDP4	HISX_HELMO
Q8GDQ6	HIS6_HELMO
Q8GDU2	ASSY_HELMO
Q8GDV4	PSTB_HELMO
Q8GKZ1	HISX_SALEN
Q8GUD7	CHIL_HEVBR
Q8H215	PFKA_WHEAT
Q8H994	CRJ33_CRYJA
Q8I6R5	CA12_CONIM
Q8J077	SUB6_TRISH
Q8L2S1	GPMI_TOBBP
Q8L6J2	RPO2A_TOBAC
Q8L6J4	RPO1A_TOBAC
Q8LL05	SSG1B_HORVU
Q8MJ87	NUB1_BOVIN
Q8MJC6	CMAH_PONPY
Q8MJC8	CMAH_GORGO
Q8MJD0	CMAH_PANPA
Q8MJJ9	FBLN1_CHLAE
Q8QHF0	MOS_ATHNI
Q8RLU1	PHNW_BACCE
Q8SEM9	COX2_CAERE
Q8SG72	CYB_RAPCU
Q8T6Z1	TRXB_SPIBA
Q8VNJ8	HPPA_HELCL
Q8VNU8	HPPA_ALLVI
Q8VPZ0	HPPA_RHIRD
Q8VXQ8	G3PC_SCEVA
Q8WEW3	COX1_SEPOF
Q8WEW4	COX1_DORPE
Q8WMH2	NLGN3_MACMU
Q8WTN9	CHSTF_NOTSL
Q90221	VM2H2_GLOHA
Q90243	VIT_ACITR
Q90305	OPSD_CORAU
Q90328	EDNRB_COTJA
Q90373	OPSD_LEOKE
Q90404	AGRIN_DIPOM
Q90456	MR1BA_DANRE
Q90479	L1CA2_DANRE
Q90497	CRYAA_EUDEL
Q90610	NEO1_CHICK
Q90615	ITA1_CHICK
Q90625	ZBT17_CHICK
Q90665	SEM4D_CHICK
Q90683	ITF2_CHICK
Q90963	PRRX2_CHICK
Q90XB7	NOD2B_XENLA
Q90XB8	NOD4B_XENLA
Q90XV6	MOS_GYMCA
Q90XV7	MOS_VULGR
Q90XV8	MOS_CICNG
Q90XV9	MOS_NYCNY
Q90ZB9	STAR3_SALFO
Q91079	RAS_LIMLI
Q91145	COCA1_NOTVI
Q91289	FINC_PLEWA
Q91365	CE162_COTCO
Q91400	FINC_NOTVI
Q91517	CRYAA_TRASE
Q91573	MCR_XENLA
Q91605	HTF4_XENLA
Q91690	GLI1_XENLA
Q91827	AR1_XENLA
Q91975	DBX2_CHICK
Q92045	CP11A_HYPAM
Q92060	MAOX_CHICK
Q92079	TRFE_GADMO
Q92081	ACES_MYXGL
Q92192	ACT_CALFI
Q92195	PALY_AGABI
Q92445	DCOR_PARBR
Q93AK9	PPK1_APHBL
Q93DX8	CYSA_BURCE
Q93LL2	ACSA_NOSLI
Q93NB7	HPPA_MYXXA
Q93PU8	EFTU_STAWA
Q93S23	DNAJ_RHITR
Q93X68	FABG5_BRANA
Q94435	SCXA_CENNO
Q949M2	FABG4_BRANA
Q94KL7	SILD_FORIN
Q95036	CP6B5_PAPGL
Q95079	SODC_DROMI
Q95081	SODC_DROMD
Q95085	SODC_DROOB
Q95087	SODC_DROPB
Q95095	SODC_DROTO
Q95137	DRD5_BOVIN
Q95146	CASK_CAPCA
Q95147	CASK_RUCDU
Q95149	CASK_CEREL
Q95175	SRY_CROSU
Q95177	CASK_RUSUN
Q95184	CASK_ELADA
Q95191	CASK_MAZAM
Q95195	DRD5_MACMU
Q95199	CASK_MUNRE
Q95202	SRY_NEOAN
Q95224	CASK_OVIDA
Q95225	CASK_ODOHE
Q95227	CASK_OVIMO
Q95228	CASK_ODOVI
Q95239	CASK_RANTA
Q95276	RL5_PIG
Q95283	COX41_PIG
Q95307	RL13A_PIG
Q95312	ATPD_PIG
Q95776	CYB_CROVV
Q957T2	COX1_SEPPH
Q95JA5	GATA6_PIG
Q95K09	GCP5_MACFA
Q95KC8	TIP_MACFA
Q95WY0	TPM03_CRAGI
Q96000	COX1_PECMA
Q96334	PSBP_BRAJU
Q96468	BAS1_HORVU
Q96563	HEM12_HORVU
Q96627	CAP6_ADEB2
Q967Z0	MYSP_DERFA
Q96UM2	LAC3_BOTFU
Q98924	HXA9_CHICK
Q99050	FIBH_BOMMA
Q99105	MYSU_RABIT
Q99142	TAF1_TOBAC
Q99281	H11E_PARAN
Q99284	H1S_SPHGR
Q99PE4	P2RY4_MERUN
Q9AIM3	LEUC_STRGN
Q9AL93	PSAA_PROHO
Q9AQC6	LEUC_BUCUL
Q9AQC8	LEU3_BUCUL
Q9B229	COX1_CHRKN
Q9BDJ7	MCR_SHEEP
Q9BDP6	PTTG1_PIG
Q9BDP9	CART_PIG
Q9BDR0	KCNE2_RABIT
Q9BE74	LRP12_MACFA
Q9BMP6	RLA0_CULNU
Q9BMQ6	MYSP_OPIFE
Q9BP55	CM4C_CONPE
Q9DFD6	HEPC_ONCMY
Q9EUS8	PPK1_STRGR
Q9EVE0	LEUC_BUCUD
Q9EVE3	LEU1_BUCUL
Q9EVG2	LEUC_BUCML
Q9EVG4	LEU1_BUCML
Q9EVG5	LEUC_BUCUA
Q9EVG8	LEUC_BUCUM
Q9EVH0	LEU1_BUCUM
Q9EVH4	LEUC_BUCUE
Q9EVH6	LEU1_BUCUE
Q9EVH7	LEUC_BUCUH
Q9EVI0	LEUC_BUCUO
Q9EVI3	LEUC_BUCUS
Q9EVI6	LEUC_BUCUN
Q9EVI8	LEU1_BUCUN
Q9F407	RECA_MYCT3
Q9F410	RECA_MYCSH
Q9F414	RECA_MYCGS
Q9F415	RECA_MYCFV
Q9F416	RECA_MYCFA
Q9F417	RECA_MYCCI
Q9FAX1	GYRB_EISEL
Q9FAX2	GYRB_CHIJA
Q9G6J1	COX1_OCTVU
Q9GK30	PTHR_SHEEP
Q9GKQ6	PGS1_PIG
Q9GKS6	AT10D_MACFA
Q9GM44	HEAT1_MACFA
Q9GMB7	PTHR_HORSE
Q9GMT4	MDGA2_MACFA
Q9I9M2	NOS_SQUAC
Q9IA02	FZD9_CHICK
Q9IA03	FZD8_CHICK
Q9IAY0	VM1H3_DEIAC
Q9IAY1	VM1H2_DEIAC
Q9IAY3	VM1H1_DEIAC
Q9IAY4	VM1H4_DEIAC
Q9IFF7	HEMA_I60A0
Q9JN46	GLGE_CERSP
Q9K3D7	ARGHA_MORPR
Q9K3E1	NQRF_COLMA
Q9KH57	A85A_MYCMR
Q9L6I1	HISX_THIRO
Q9L8F6	MDH_VIBMI
Q9LCI7	NQRF_SHEPU
Q9LCI8	NQRF_SHEHA
Q9LCI9	NQRF_MORMI
Q9LCJ1	NQRF_PHOPO
Q9LCJ2	NQRF_COLPS
Q9LCJ3	NQRF_ALTMA
Q9LCJ4	NQRF_PSEHA
Q9LCK0	GYRB_CYTAU
Q9LCK1	GYRB_CYTHU
Q9MTQ4	PSAA_AMPOP
Q9MUC0	PSAA_GINBI
Q9MUJ0	PSAA_TORCL
Q9MUJ1	PSAA_PHLSQ
Q9MUJ4	PSAA_ASPND
Q9MUJ6	PSAA_EQUPA
Q9MUJ7	PSAA_ARAAA
Q9MUJ8	PSAA_EPHTW
Q9MUJ9	PSAA_DRIWI
Q9MUK0	PSAA_CYCRE
Q9MUK1	PSAA_MARBO
Q9MUK3	PSAA_SEQSE
Q9MUK4	PSAA_ENCLE
Q9MVK2	NU5C_PACAQ
Q9MVL6	NU5C_MALAR
Q9MZV8	MC5R_PIG
Q9N003	ZN425_MACFA
Q9N077	ATRIP_MACFA
Q9N0M2	BARX2_SHEEP
Q9N117	RELN_BOVIN
Q9N1A3	STP2_MACMU
Q9N1A4	STP2_PONPY
Q9N1A5	STP2_GORGO
Q9N1A6	STP2_PANPA
Q9N1A7	STP2_PANTR
Q9N1Q5	SP100_HYLLA
Q9N1Q7	SP100_PANTR
Q9N289	A4GAT_PONPY
Q9N290	A4GAT_GORGO
Q9N293	B3GT5_GORGO
Q9N294	B3GT5_PANPA
Q9N295	B3GT5_PANTR
Q9N2B6	5HT1E_PANTR
Q9N2D9	5HT1F_PANTR
Q9N2R3	TPM_CHAFE
Q9N633	O16E_CONCT
Q9NGB4	OSA_DROYA
Q9NJC4	SC17_MESMA
Q9P995	MTTB_METTE
Q9P9M9	MTBB3_METBA
Q9P9N0	MTBB2_METBA
Q9PRP7	SL114_ECHCA
Q9PRP8	SL117_ECHCA
Q9PRP9	VM3C1_ECHCA
Q9PRY2	CLC35_PETMA
Q9PRY9	VSP_BITAR
Q9PRZ0	PA2_BOTJA
Q9PRZ6	SMS1_AMICA
Q9PS06	SL9B_BOTJA
Q9PS28	VSPF_CERCE
Q9PSF9	PA2B2_AGKBI
Q9PTL1	SPY1_CHICK
Q9PTW1	FZD6_CHICK
Q9PTW3	FZD3_CHICK
Q9PUA8	THA_ELECQ
Q9PUE0	DMRT1_ALLMI
Q9PVD5	UNC5_PETMA
Q9PVG3	RESTB_XENLA
Q9QYA9	LSHB_PHOSU
Q9QYB0	FSHB_PHOSU
Q9R4A1	MTNN_KLEPN
Q9RQ82	HISX_BUCMH
Q9RQ85	HISX_BUCSC
Q9RQ88	HISX_BUCDN
Q9S342	RSEP_PHOLU
Q9S3S1	PYRC_SERMA
Q9S926	MDAR2_SOYBN
Q9SPK6	BCH_HAELA
Q9SQ56	RGGA_TOBAC
Q9SWC2	COMT1_EUCGL
Q9T2K9	CB22_SPIOL
Q9T2L0	CB2B_SPIOL
Q9T2L1	CB2C_SPIOL
Q9TGD8	COX1_PLADA
Q9TGE6	COX1_LOLFO
Q9TRG2	IC1_RABIT
Q9TS53	ANXA6_RABIT
Q9TSV8	TNFC_PIG
Q9TT34	HBB_PONPY
Q9TTB0	IFNG_PANTR
Q9TTE5	ESR2_MACMU
Q9TWL1	SCX7_CENNO
Q9TWW2	DIP_SARPE
Q9U6V9	HUGA_POLAN
Q9UR66	NDK_CANAX
Q9UVH3	AKR1_MORAP
Q9V302	CCA_THEAI
Q9W636	REQUB_XENLA
Q9W6D8	BARX1_CHICK
Q9W6I9	THA_ONCMY
Q9W754	SCNNB_AQUCT
Q9WCD1	VME1_CVRNJ
Q9WQ76	R1AB_CVTMI
Q9WQ77	R1AB_CVRSD
Q9WV23	CMAH_CRIGR
Q9WXB7	BCHL_ACIRU
Q9X3Y3	GYRB_BACCE
Q9X3Y5	GYRB_BACMY
Q9XQE1	RR12_SOLNI
Q9XSB7	RUNX2_HORSE
Q9XZG9	CECA_SPOLT
Q9XZH0	CECB_SPOLT
Q9YH99	EYA3_CHICK
Q9YHA0	EYA1_CHICK
Q9YHA1	EYA4_TAKRU
Q9YX78	PB2_I97A0
Q9Z1Q1	NEST_MESAU
Q9Z5E9	UBIE_PSEOL
Q9Z5K9	PEPX_LACDE
Q9Z5X0	RNT_AZOVI
Q9ZEE3	XPT_STRMT
Q9ZEH5	MUTS2_STAAU
Q9ZFB7	QCRA_STRLI
Q9ZH21	MURA_DESTE
Q9ZJ10	ARGD_BACAM
Q9ZZ08	COX1_HAPMA
S5FV19	CPA_STRPY
S5ZYD3	OBP_PHOSU
U5YCR8	VSP_BOTPC
V9Z548	VMPA1_TITPA
V9Z9A3	VMPA2_TITSE
V9ZAX6	VMPA2_TITPA
W7E0Q5	VICYB_BIPV3
A0A023UA23	PHAT_AMAFU
A0A023UBA8	PHAT_AMARI
A0A023UBX6	PHAT1_AMAEX
A0A023UBY3	PHAT_AMAPH
A0A023UCA6	AAMA2_AMAFL
A0A023UCC1	PHAT_AMAFL
A0A023VZF1	TX41F_ETHRU
A0A068B409	CAEG_CONBE
A0A077DF94	SPXN2_DANRE
A0A090XBL6	E1080_IXORI
A0A090XE98	E1077_IXORI
A0A0F6QDA5	O16A_CONEB
A0A0K8TU78	COW_CONLV
A0A193H2U2	CZS4_CRUCA
A0A193H356	CZS5_CRUCA
A0A1D0BRC1	TG1A_HADIN
A0A1P8NVU1	COW_CONMO
A0A292G9J6	VIT_TAKPA
A0A2I1C3V0	NSRA_ASPN1
A0A2I6EDL5	CMCL_CONRE
A0A2I6EDL7	CM37_CONRE
A0A2I6EDM1	CM39_CONRE
A0A2I6EDM9	CM312_CONRE
A0A2I6EDN0	CM317_CONRE
A0A2I6EDN3	CM315_CONRE
A0A2I6EDN8	CM311_CONRE
A0A3G3C7T2	CU141_CONAA
A0A3G3C7W0	CX67_CONAA
A0A455LLW5	NTND_NECSZ
A0A7S8MU85	SCX35_TITSE
A1IVR7	3L23_BUNCA
A1L3L1	PTR1B_XENLA
A1X8C6	CA11C_CONQU
A1X8D0	CA15_CONQU
A1X8D1	CA16_CONQU
A1X8D6	CA19_CONLE
A1X8D9	CA13_CONPL
A2CJE5	VM2IA_CROAT
A2CJE6	VM2IV_CROVV
A2PZE5	CSPL1_IPONI
A2VDD2	DYL5B_XENLA
A3DT44	CA42_CONAH
A5A2P0	WALK_MAMSC
A6H4Q1	RMAR_VANPO
A6M938	CA1A_CONLE
A7LI91	COCC_CONCL
A7RHG8	WDR12_NEMVE
A7UR17	OBP72_ANOGA
A7X4L4	WAP1_ERYPO
A7X4T8	CRVP_CAURH
A8S6B3	VNPA_AUSSU
A8W7M6	PHAT2_AMABI
A8W7M9	MSD1_AMABI
A8W7N0	MSD2_AMABI
A8W7N1	MSD3_AMABI
A8W7N2	MSD4_AMABI
A8W7N3	MSD5_AMABI
A8W7N5	MSD7_AMABI
A8W7N6	MSD8_AMABI
A8W7N7	MSD9_AMABI
A8W7N9	MSD11_AMABI
A8W7P1	BAMA2_AMAPH
A8W7P2	MSD1_AMAPH
A8W7P3	PHAT_AMAOC
A9UH01	COCE_CONCL
A9XDG4	TLCOF_ALOMR
A9XDG5	TLCOE_ALOMR
B2CI27	CS81_CONTE
B2CI28	CS81_CONAH
B2CS62	CTFA_CONCB
B2MUU6	GTF1_LEUME
B3A0L8	AMP2_SCYSE
B3A0N2	NLTP_LYCBA
B3A0N8	MSPI1_MELSA
B3A0P1	DGLSP_LOTGI
B3A0P3	PLSP2_LOTGI
B3A0P6	GSP1_LOTGI
B3A0Q8	PLSP3_LOTGI
B3A0S0	USP22_LOTGI
B3A0S1	PWAPL_LOTGI
B3A0S2	ASRP_LOTGI
B3EWE9	AMP2_SESIN
B3EWG7	PERO_PLEPU
B3EWH4	NLTP_PEGHA
B3EWI0	LECG2_APLKU
B3EWI7	AFP_CENMR
B3EWK7	AP_HELPO
B3EWN4	2SSL_RICCO
B3EWP5	BCNGR_LACPA
B3EWY0	KAX3F_MESGB
B3EWY8	SAAR2_ACRMI
B3EWY9	MLP_ACRMI
B3EWZ1	SAP1B_ACRMI
B3EWZ3	CADN_ACRMI
B3EWZ5	MLRP1_ACRMI
B3EWZ6	MLRP2_ACRMI
B3EWZ7	TRP_ACRMI
B3EWZ8	ECT_ACRMI
B4XSZ3	SLA3_MACLB
B4XSZ8	SLA8_MACLB
B4XT05	SLB6_MACLB
B4XT06	SLB7_MACLB
B4XT07	SLB8_MACLB
B7FDI0	CRVP_VIPBN
B8RJM0	USOM3_ACRMI
B8UU78	ELP_ACRMI
B8V7P3	CAH_ACRMI
B8V7R6	COA_ACRMI
B8V7S0	CPP1_ACRMI
B8VIV4	CPP2_ACRMI
C0HJA6	OBP2_RABIT
C0HJA7	OBP1_RABIT
C0HJA9	OBP3_RABIT
C0HJC5	ALBU_DUTME
C0HJC7	PA62A_DAMDA
C0HJC8	PA56B_DAMDA
C0HJC9	PA39C_DAMDA
C0HJD0	PA56D_DAMDA
C0HJD2	ALBU_DAMDA
C0HJE2	AMYG_BACLI
C0HJE3	DEXT_BACLI
C0HJE4	AMY1_CYTFI
C0HJE5	BCN17_BACIU
C0HJF9	ALL12_ACTDE
C0HJG0	ALL13_ACTDE
C0HJM7	TXL1_PHOPT
C0HJR4	MFGM_EQUAS
C0HJX6	PROF_PLALA
C0HJX9	DIP_CALVI
C0HJY0	PRP_CALVI
C0HKC6	PUN_PUNGR
C0HKF3	APLP1_GALME
C0HKF4	APLP2_GALME
C0HKT5	DIH45_AGRIP
C0HL61	ABFER_LIMFE
C0HL88	SL_CROVE
C0HL99	PROF_ACTDE
C0HLA1	VSP2_LACMR
C0HLA2	VSP3_LACMR
C0HLA4	SLLB_LACMR
C0HLL0	PA2CS_RHIDP
C0HLL1	VM2CD_CRODU
C0HLL6	CMLN_CUPSE
C0HLM4	CARP_RHIAZ
C0HLM5	CARP_MUCTH
C0HLM8	11S1_ELAGV
C0HLM9	11S2_ELAGV
C0HLQ3	IMP_CNIQU
C0HLQ4	ATPB_CHAMQ
C0HLQ5	CYC6_CHAMQ
C0HLQ6	G3P_CHAMQ
C0HLR0	RBS_CHAMQ
C0HLR1	RK12_CHAMQ
C0HLR7	11S1_MACIN
C0HLT5	CHIGU_GLUUR
C0HLT6	BIB45_LACPN
C0HLY5	PRS_GALME
C0HLY6	BGBP2_GALME
C0HLZ4	LYOPH_LYOSH
C0HLZ5	TSCO1_ANDAU
C0HM10	AFLAP_LYOSH
C0HM48	RHEB_CROSI
C0HM50	ACT_CROSI
C0HM51	CO1A2_CROSI
C0HM64	SCO9A_STOCO
C0HM80	NLTP3_NIGSA
C0HM81	GRP1_ELYRE
C0HM84	CO1AA_EPIMA
C0HM85	CO1A2_EPIMA
C0HM86	CO1AB_EPIMA
C0HM87	CO1AA_EPICS
C0HM88	CO1A2_EPICS
C0HM90	CO1AA_EPIAE
C0HM91	CO1A2_EPIAE
C0HM92	CO1AB_EPIAE
C0HM93	CO1AA_EPICA
C0HM94	CO1A2_EPICA
C0ITL3	VA5_BRACH
C5J891	KBX3_OPICY
C7T183	O16EA_CONEA
C7T184	O16M_CONEA
C7T186	O16L_CONEA
C7T187	O16K_CONEA
C7T188	O16J_CONEA
C7T1P1	O16I_CONEA
C7T1P2	O16H_CONEA
C7T1P3	O16G_CONEA
C7T1P4	O16F_CONEA
C7T1P5	O16EB_CONEA
D2K805	CAPSP_BPT6
D2KKB4	TOXPH_AMAPH
D2N116	3L2A_BUNCE
D2Y3T4	CU92B_CONCL
D2Y3T5	CU92C_CONCL
D2Y3T6	CU92D_CONCL
D2Y3T7	CU92E_CONCL
D2Y3T8	CU92F_CONCL
D2Y489	VKT1B_CONCL
D2Y490	VKT1C_CONCL
D2Y491	VKT1D_CONCL
D2Y494	U63B_CONCL
D2Y497	O16C_CONCL
D2Y498	O16D_CONCL
D2Y4A0	O161F_CONCL
D2Y4A1	O16G_CONCL
D2Y4A2	O161H_CONCL
D3JWK3	CUMB_CONCL
D3JWK4	CUMC_CONCL
D3JWK5	CUMD_CONCL
D3JWK6	CUME_CONCL
D3UA80	RN2G_LITPA
D5ACW4	CSPLB_PICSI
D5HR50	SCX1A_ANDCR
D5KXG6	TUEI_GEMSP
D5L5Q8	CMCC2_CONPO
D6C4I4	CUEA_CONCL
D6C4J2	CLEB_CONCL
D6C4J4	CUE5_CONCL
D6C4J6	CUE7_CONCL
D6C4K4	U6E_CONCL
E7CLN0	SCX2_RHOJU
E7CLN1	SCX4_RHOJU
E7CLN2	SCX43_RHOJU
E7CLN3	SCX8_RHOJU
E7CLN4	SCX1_RHOJU
E7CLN5	SCX7_RHOJU
E7CLN6	SCX12_RHOJU
E7CLN7	SCX13_RHOJU
E7CLN8	SCX16_RHOJU
E7CLN9	SCX44_RHOJU
E7CLP0	SCX9_RHOJU
E7CLP1	SCX32_RHOJU
F1CJ89	NDB4_HOTJU
F5CEP0	CUC11_CONCL
G0W2H7	BDS3_BUNGR
G1C1T0	CUC12_CONCL
G1C1T1	CUC13_CONCL
G1C1T2	CUC14_CONCL
G1C1T3	CUC15_CONCL
G3KIM5	LCDC_ANAPI
H2DH23	C7H23_PANGI
H9N3R7	CA112_CONLI
O00061	CP67_UROFA
O02781	MTR1A_PIG
O04164	C71A6_NEPRA
O07823	NDOA_PSEFL
O07825	NDOC_PSEFL
O08459	SODM_HALHI
O08460	SODM2_HALME
O08461	SODM1_HALME
O09686	NEP_I73A4
O09688	NEP_I86A3
O10620	OE56_NPVHZ
O12987	CRYAB_COLLI
O12991	CRYAB_EUDEL
O12995	CRYAB_TURME
O15885	CLP_TRYCR
O17307	RL37A_SCHMA
O18326	HUNB_BOMMO
O18881	SRP14_MACRA
O18934	CASQ2_PIG
O19084	CDSN_PIG
O21947	VHED_BPFSA
O21948	VHED_BPM1
O21949	VHED_BPPST
O21950	VHED_BPR03
O21951	VHED_BPR06
O21952	VHED_BPR08
O21953	VHED_BPR09
O21954	VHED_BPR10
O21955	VHED_BPR15
O21956	VHED_BPR18
O21957	VHED_BPR27
O21958	VHED_BPR32
O21959	VHED_BPR69
O21960	VHED_BPS76
O22307	C71DB_LOTJA
O24111	RS5_NICPL
O24383	CPI10_SOLTU
O24384	CPI8_SOLTU
O24385	CPI7_SOLTU
O24386	CPI6_SOLTU
O24387	CPI5_SOLTU
O24388	CPI3_SOLTU
O30836	SYGB_HAEAE
O30990	FTSQ_RHIRD
O31159	RS19_SPICI
O31166	RL24_SPICI
O31194	RS12_ACTPL
O31300	EFTU_BUCMH
O31301	EFTU_BUCSC
O32719	MQO_KLEPN
O33369	YOR2_NEIGO
O33507	OMPC_RAHAQ
O33508	FMT_RICAM
O33509	FMT_RICAK
O33510	FMT_RICAU
O33535	FMT_RICMO
O33543	FMT_RICPA
O33544	FMT_RICRI
O33545	FMT_RICRH
O33551	LGT_CERSP
O33575	FMT_RICSI
O33603	SODM_STRAI
O33605	SODM_STRAY
O33686	SODM_STRMT
O33756	SODM_STRPA
O33783	SODM_STRSL
O33812	YLAC_STAXY
O33821	YHPR_THAAR
O34272	RBFA_YEREN
O44107	MLC1_DROSU
O44535	OAZ_DROVI
O46232	HUNB_DROAD
O46234	HUNB_DROAA
O46236	HUNB_SCACA
O46238	HUNB_DROCY
O46240	HUNB_DRODS
O46242	HUNB_DROIK
O46244	HUNB_DROLI
O46248	HUNB_DROMM
O46250	HUNB_DROMU
O46252	HUNB_DROPO
O46254	HUNB_SCAAL
O46256	HUNB_DROSL
O46258	HUNB_DROSO
O46260	HUNB_DROTA
O46262	HUNB_DRODA
O46377	PGS1_RABIT
O46378	FMOD_RABIT
O46379	LUM_RABIT
O46582	COX41_SAISC
O46589	COX41_SAPAP
O46590	COX41_SAIUS
O46617	MOTI_HORSE
O48957	C99A1_SORBI
O49227	DHBK_SOYBN
O50467	AROK_NEIGO
O51829	YIDC_BUCMP
O51834	EFP_BUCMP
O52537	FIS_KLEPN
O52957	MPT51_MYCAV
O54210	SODM_STRCB
O54233	SODM_STRIN
O54266	SODM_STRPO
O54457	PPSA_ENTAG
O57414	RHG06_TAKRU
O57593	SURF1_TAKRU
O61281	CECA2_DROYA
O61694	COX5A_MANSE
O62688	MCH_PANPA
O62689	MCH_PANTR
O62690	MCH_HYLLA
O62691	MCH_CARSF
O62692	MCHL1_PANPA
O62693	MCHL1_PANTR
O62694	MCHL1_HYLLA
O63930	EFTU_GYMST
O65107	PSAN_MAIZE
O65729	RL18_CICAR
O65731	RS5_CICAR
O65888	NLTP_STRHE
O66093	RS19_PHYS1
O66096	RS19_PHYS2
O68563	FUR_PSEFL
O68583	MUKB_HAEAE
O68936	RS10_SERMA
O69055	PTXE_STUST
O69227	HSLU_BUCSC
O69450	FUR1_MYCFO
O73698	PUT2_TAKRU
O73777	IF4G2_CHICK
O73858	3SA6_NAJSP
O73859	3SA7_NAJSP
O76821	FABP_ACASI
O77027	CI_DROYA
O78700	NU1M_CABUN
O80003	NU1M_NYCNO
O81214	DAD1_MAIZE
O81920	IF6_BETVU
O81980	CFI1_SOYBN
O86103	DNAK_AQUPY
O86376	OTC_NEIAN
O86382	RECA_NEIEG
O86403	RECA_NEIPE
O86411	RECA_NEISI
O86414	RECA_NEISU
O87726	FMT_VIBAL
O87734	RL1_STRLA
O87790	HPPK_PSEPU
O87883	OXYR_MYCXE
O87971	YUKR_YERRU
O93227	DEM_AGAAN
O93636	RS7_METMT
O93639	RS7_METTE
O96614	SER1_GALME
O96615	SER2_GALME
O96669	SCK_HOTTA
O96785	HUNB_CLOAL
O96810	PETM_SKECO
O96900	VSP1_SCOSU
O97039	RX_DUGJA
O97513	IL2_ORCOR
O97557	TUFT1_PIG
O97646	AMEL_ORNAN
O97647	AMEL_TACAC
O98448	CY550_THAWE
O98840	MATK_HYDQU
P00863	DCHS_MICSP
P00868	RBS1_PEA
P00896	TRPE_CITFR
P01091	2SS1_BRANA
P01105	MYBE_AVILE
P01182	NEU2_HORSE
P01300	PAHO_PIG
P01301	PAHO_SHEEP
P01635	KV5A3_MOUSE
P01638	KV5A6_MOUSE
P01642	KV5A9_MOUSE
P01690	KV09_RABIT
P01691	KV10_RABIT
P01692	KV11_RABIT
P01698	KV17_RABIT
P01736	TVB3_MOUSE
P01879	IGHA_RABIT
P01883	IGHD_RAT
P02217	GLB2_GLYDI
P02243	HCYA_TACTR
P02343	DBH_SYNY1
P02732	ANP3_PAGBO
P02826	HSP7A_DROSI
P02846	CHA1_ANTPO
P02847	CHB4_ANTPO
P02848	CHB1_ANTPO
P02851	BAR2_CHITE
P02861	GLT1_WHEAT
P02862	GLT2_WHEAT
P02864	HORC_HORVS
P02875	LEC_MACAX
P02898	VSG7_TRYBR
P03358	POL_RSFFV
P03645	G_BPST1
P03648	VGH_BPST1
P03978	TVC2_MOUSE
P04082	IAA_KITAU
P04097	SCX5_BUTOC
P04098	SCX8_BUTOC
P04213	TVB5_MOUSE
P04215	HV02_HETFR
P04262	K2CB_BOVIN
P04677	NODC_BRASP
P04678	NODC_RHILT
P04679	NODC_RHISM
P04705	ZEAB_MAIZE
P04728	GDA8_WHEAT
P04730	GDB3_WHEAT
P05048	UBX_DROFU
P05079	RDRP_TRVPS
P05115	BCCP_SOLLC
P05223	CAER2_XENLA
P05229	KNOB_PLAFD
P05391	RL7_ARTGL
P05393	RL7_CLOPA
P05395	RL7_SALCS
P05409	TMG10_METTL
P05419	CALN_CHICK
P05542	CD4_SHEEP
P05663	PKG3_ADE07
P05685	CHB4_BOMMO
P05815	ZEAV_MAIZE
P05912	TAT_SIVM2
P05932	CALMB_ARBPU
P05934	CALM_STRPU
P05935	CALM_LYTPI
P05993	PAPA5_CARPA
P06013	VSI0_TRYBB
P06016	VSAC_TRYBB
P06017	VSA8_TRYBB
P06220	LACI_KLEPN
P06456	VL1_FPVL
P06471	HOR3_HORVU
P06472	HOR7_HORVU
P06600	PRP33_DAUCA
P06674	ZEA3_MAIZE
P06679	ZEAWW_MAIZE
P06884	PAHO_FELCA
P06916	FIRA_PLAFF
P06936	GAG_AVEV1
P06937	GAG_AVEV2
P07094	PHSM_KLEPN
P07209	VSM0_TRYBB
P07398	RBS3_WHEAT
P08079	GDB0_WHEAT
P08269	NEP_I76AM
P08271	NEP_I63A3
P08275	NEP_I24A0
P08279	NEP_I61A0
P08626	ICI3_HORVU
P08724	BAR1_CHIPA
P08725	BAR2_CHIPA
P08726	BAR6_CHITE
P08809	REV_SIVM2
P08820	ICIS_VICFA
P08914	CHB8_BOMMO
P08915	CHB3_BOMMO
P08916	CHB7_BOMMO
P08917	CHB6_BOMMO
P08929	CHA3_BOMMO
P08930	CHCB2_ANTPO
P08931	CHCB3_ANTPO
P08976	LH18_EUGGR
P09075	HME60_APIME
P09076	HME30_APIME
P09080	HMB1_TRIGR
P09355	LSP_APIME
P09475	PPY_LOPAM
P09509	CAPSD_BWYVG
P09532	HMEN_TRIGR
P09614	NSS_BUNL7
P09636	HXA7_SALSA
P09637	HXA5_SALSA
P09638	HXB2_SALSA
P09674	RDRP_BPBZ1
P09684	VIP_GADMO
P09688	ACHA_ELEEL
P09821	FIXC_RHILE
P09863	IBB1_WHEAT
P09864	IBB2_WHEAT
P09865	IBD3_HIRME
P09887	HS22C_SOYBN
P0A058	KDPA_STAAU
P0A4B0	RS13_LACLC
P0C065	RL25_ANAVA
P0C088	NLTP_ARTVU
P0C0F0	CSPA_STRPY
P0C0M8	KGUA_STAEP
P0C134	NS1_INCGL
P0C135	NEP_INCGL
P0C136	NS1_INCJH
P0C137	NEP_INCJH
P0C138	NS1_INCTA
P0C139	NEP_INCTA
P0C140	NS1_INCMI
P0C141	NS1_INCYA
P0C142	NEP_INCYA
P0C181	NIFJ_ANAVA
P0C1E7	OBG_CORML
P0C1G1	UP1_URTPI
P0C1G5	MDH_KLEPR
P0C1X3	TUXA_CRYPS
P0C1X4	TUXA_POLAB
P0C223	BMPA_BORAF
P0C252	I2BA_CONEM
P0C255	I2BB_CONFI
P0C256	I1B1_CONFI
P0C257	I1B1_CONMA
P0C259	I1B2_CONST
P0C2A1	TXA_ANDCR
P0C2A2	TXBA_ANDCR
P0C2A3	TXBB_ANDCR
P0C2B3	OPPA_LACLC
P0C2M4	CC1_BUNCI
P0C2S2	GUNA_ACETH
P0C2S9	TX29A_PHONI
P0C5B7	PP4R2_RABIT
P0C5J6	SCXMT_PARLS
P0C5J8	SXPLT_PARLS
P0C5S7	SIXP1_MESMA
P0C5U4	NEP_I05A1
P0C5Z9	SPXH_STAAU
P0C832	O167_CONST
P0C891	OEP80_PEA
P0C8B6	STX1_SCOAN
P0C8B7	STX1_SCOVN
P0C8B8	STX2_SCOAN
P0C8B9	STX2_SCOVN
P0C8C0	STX3A_SCOAN
P0C8C1	STX3B_SCOAN
P0C8C2	STX3_SCOVN
P0C8C3	STX4_SCOAN
P0C8C4	STX4_SCOVN
P0C8C5	STX5_SCOAN
P0C8C6	STX5_SCOVN
P0C8C7	STX6_SCOAN
P0C8C8	STX7_SCOVN
P0C8C9	STX8A_SCOAN
P0C8D0	STX8B_SCOAN
P0C8D1	STX8A_SCOVN
P0C8D2	STX8B_SCOVN
P0C8D3	STX9_SCOVN
P0C8D4	VA5A_SCOAN
P0C8D5	VA5B_SCOAN
P0C8D6	VA5A_SCOVN
P0C8D7	VA5B_SCOVN
P0C8D8	VA5C_SCOVN
P0C8U5	CA14_CONMN
P0C8W7	P1196_TITST
P0C8W8	P2699_TITST
P0C8W9	P4913_TITST
P0C8X0	P7629_TITST
P0C8X1	P9797_TITST
P0C8X7	KAXU0_TITST
P0C911	SCX_ANDMA
P0C963	DFP2_ANTMY
P0CAP8	IPYR_PSEGP
P0CAQ2	CA43A_CONAH
P0CAQ3	CA43B_CONAH
P0CAQ7	CA16B_CONLE
P0CAQ9	CA14B_CONQU
P0CAR0	VKTG1_MICPY
P0CAR2	3SO3_MICPY
P0CAR3	3S1E1_MICPY
P0CAR5	3S1E3_MICPY
P0CAS8	PA2H1_MICPY
P0CAZ8	CT115_LACTA
P0CC11	BENG_DECBE
P0CE74	CA12_CONBN
P0CF14	TA2GS_AGEOR
P0CF15	TA2GV_AGEOR
P0CH21	CM36_CONPL
P0CH22	M34_CONPL
P0CH23	CM35_CONPL
P0CH59	HN131_CYRHA
P0CH73	HN522_CYRHA
P0CH74	HN634_CYRHA
P0CH75	VKT25_CYRHA
P0CH88	SP4_BOMTE
P0CH89	HUGA_VESMC
P0CI53	SNAAL_LYCMC
P0CI60	SNAY5_LYCMC
P0CI88	CLKTX_LYCMC
P0CT85	FAEA_TALSN
P0CU16	YI71_SCHPO
P0CV88	SLBH_CROAT
P0CV90	VSPH_CROAT
P0CW08	FLPA_METMZ
P0CW85	FIS_PROVU
P0CY58	COBT_RHOCA
P0CY67	O169_CONBU
P0CY68	O17A_CONBU
P0CY69	O17B_CONBU
P0CY70	O16C_CONBU
P0CY71	O17D_CONBU
P0CY72	O16E_CONBU
P0CY74	CM17_CONBU
P0CY76	CA121_CONBU
P0CY77	CA122_CONBU
P0CY81	CA426_CONBU
P0CY82	CA427_CONBU
P0DJ30	AJN10_ANGJA
P0DJ66	VKT17_CYRHA
P0DJ69	VKT52_CYRHA
P0DJ74	VKT76_CYRHA
P0DJB0	3X_MICLE
P0DJB7	CU9B_CONCL
P0DJQ1	PA2HC_TRIST
P0DKL7	PA2HA_VIPRE
P0DL14	CRVPA_NAJHA
P0DL15	CRVPB_NAJHA
P0DL16	CRVP_NAJMO
P0DL17	CRVP_HEMHA
P0DL18	CRVP_OVOOK
P0DL19	CRVPA_NOTSC
P0DL20	CRVPA_PSEGT
P0DL21	CRVPA_PSECT
P0DL25	SCXU_TITPA
P0DL61	SCR_ANEVI
P0DM47	VKT_MICAT
P0DMG5	CRVP_BOTCO
P0DMG6	CRVP_BOTFO
P0DMG7	NGFV_BOTCO
P0DMH1	SL_BOTFO
P0DMH2	VM1_BOTCO
P0DMH3	VM1_BOTFO
P0DMH4	VM2_BOTFO
P0DMH5	VSP_BOTCO
P0DMW8	VKT33_ACTEQ
P0DMW9	VKT34_ACTEQ
P0DMX5	BDS2C_ANTEL
P0DMZ0	GIG5_ANEVI
P0DMZ5	TX8C_ANEVI
P0DPW1	UX24A_THELO
P0DPW2	UX31A_THELO
P0DQA0	TXB5A_SCOMO
P0DQE8	TXJ1A_THELO
P0DQT0	NEMA8_RISOC
P0DRA9	TLCOE_LYCPR
P0DUW7	SMP90_STOME
P0DW29	VM2_CROMR
P0DX50	TX20A_PHOBO
P0DX51	TX35A_PHOBO
P10094	EST4_DROMO
P10095	EST5_DROMO
P10178	HMB3_TRIGR
P10179	HMB4_TRIGR
P10396	REP1_ECOLX
P10399	POL1_CHICK
P10400	POL1_MOUSE
P10438	SPAN1_BPPA2
P10466	TGB2_PVXXC
P10497	YPSS_RHILP
P10625	PLAS_MICAE
P10742	S25K_SOYBN
P10801	ODP1_AZOVI
P10887	MDH_NITAL
P10982	ACT1_ABSGL
P11160	LPTB_KLEOX
P11296	OPAC_NEIGO
P11297	OP28_NEIGO
P11324	HEX8_ADE03
P11500	HSP90_RABIT
P11503	HSP70_ONCVO
P11681	ABL_CALVI
P11726	OTCC_AERCA
P11728	NO75_MEDSA
P11736	CU32_LOCMI
P11738	CU54_LOCMI
P11917	KTRC_AREMA
P11918	KLOM_LUMTE
P12077	HSP74_LEIMA
P12078	HSP73_PLAFA
P12320	TRPD_PECCA
P12321	TRPD_SERMA
P12322	KLK1_CAVPO
P12358	PSBR_WHEAT
P12381	HUTU_KLEAE
P12603	NEP_INCJJ
P12622	CHVD_RHIRD
P12662	RET3_PIG
P12663	RET3_SHEEP
P12664	RET3_RABIT
P12665	RET3_CRISP
P12666	RET3_CAVPO
P12761	AMEL_RABIT
P12795	HSP70_SCHJA
P12800	FIBG_CANLF
P12802	FIBB_ANAPL
P12806	EIF3B_PICAN
P12997	BIOB_CITFR
P13071	BIOA_CITFR
P13193	PSAF_MAIZE
P13544	HXD1_CHICK
P13571	HPTA_RABIT
P13774	LDH_PLAFA
P13813	110KD_PLAKN
P13817	KNOB_PLAFA
P13822	SANT_PLAFP
P13831	RESA_PLAFN
P13948	PIL3_ECOLX
P13951	RBS_SINAL
P14117	RL4_XENTR
P14128	RS1_PROSP
P14150	HMEN_SCHAM
P14157	HXB5_SHEEP
P14158	HXD3_SHEEP
P14159	HXD4_SHEEP
P14313	FIXA_RHILE
P14440	FIBA_ANTAM
P14441	FIBA_BISBO
P14444	FIBA_CAMDR
P14445	FIBA_CAVPO
P14447	FIBA_CERNI
P14449	FIBA_EQUAS
P14450	FIBA_FELCA
P14452	FIBA_HORSE
P14453	FIBA_HYLLA
P14455	FIBA_MANLE
P14456	FIBA_MELME
P14457	FIBA_MUNMU
P14458	FIBA_NEOVI
P14459	FIBA_ODOHE
P14460	FIBA_PIG
P14461	FIBA_RABIT
P14462	FIBA_RANTA
P14463	FIBA_SYNCA
P14469	FIBB_FELCA
P14482	FIBB_VULVU
P14485	CUP1_SARBU
P14486	CUP4_SARBU
P14487	CUP6_SARBU
P14535	FIBA_CERSI
P14536	FIBA_TAPTE
P14537	FIBB_CERSI
P14552	TRPB_KLEAE
P14610	THIL_PIG
P14627	PSAK_SPIOL
P14692	KAF8_SORBI
P14699	MAR2_LEIMA
P14700	MAR3_LEIMA
P14718	TRPF_METVO
P14803	OAR_PHOPY
P14834	HSP70_LEIMA
P14838	HXB5_CHICK
P15142	HM7X_CHICK
P15237	UL25_EHV1
P15466	RNL1_PIG
P15500	JHBP_MANSE
P15524	CSMA_CHLTI
P15525	CSMA_CHLPH
P15526	CSMB_PELLU
P15583	NU5M_LEITA
P15762	RR19_SINAL
P15821	YCF2_VICFA
P15856	ABDA_APIME
P15857	HM17_APIME
P15859	SCR_APIME
P15860	HM90_APIME
P15871	H11_WHEAT
P15872	H13_WHEAT
P15970	TOG1B_AGEAP
P15971	TOG2A_AGEAP
P15986	ACT6_SOYBN
P15987	ACT7_SOYBN
P16093	RIPK_TRIKI
P16103	POL_MCFF3
P16129	RBS1_ACEPE
P16130	RBS2_ACEPE
P16135	RBS2_ACEAT
P16252	CUC2C_HAECO
P16261	GDC_RAT
P16329	NO75_PEA
P16351	LEC_CROPI
P16352	LEC_CROJU
P16531	SVP2_CAVPO
P16716	RP132_SHEVK
P16852	IAC17_WHEAT
P17226	PSAK_PEA
P17229	PSAJ_PEA
P17337	URE1_MORMO
P17338	URE2_MORMO
P17339	URE3_MORMO
P17440	TAL1_CYBJA
P17441	TAL3_CYBJA
P17603	FLA1_METHU
P17645	OPS3_DROVI
P17718	2SS_MATST
P17874	DHSL_ANACY
P17877	GUN1_RUMJO
P17916	ALRX_PSEPU
P17991	HOR8_HORVU
P17992	HOR9_HORVU
P18000	CEA5_ECOLX
P18268	TRPC_BACPU
P18300	LUXB_KRYAS
P18346	ICP22_EHV4
P18503	CAS4_EPHMU
P18550	RR19_PETHY
P18554	US9_EHV1A
P18638	H5_COTJA
P18686	FRIL_SHEEP
P18712	ZG16_XENLA
P18713	ZG17_XENLA
P18715	ZG26_XENLA
P18716	ZG28_XENLA
P18717	ZG29_XENLA
P18718	ZG3_XENLA
P18719	ZG32_XENLA
P18720	ZG42_XENLA
P18721	ZG44_XENLA
P18722	ZG46_XENLA
P18723	ZG48_XENLA
P18724	ZG49_XENLA
P18726	ZG5A_XENLA
P18727	ZG52_XENLA
P18728	ZG53_XENLA
P18729	ZG57_XENLA
P18730	ZG58_XENLA
P18731	ZG62_XENLA
P18732	ZG64_XENLA
P18733	ZG66_XENLA
P18734	ZG67_XENLA
P18735	ZG7_XENLA
P18736	ZG71_XENLA
P18737	ZG8_XENLA
P18738	ZG9_XENLA
P18739	ZO10_XENLA
P18740	ZO14_XENLA
P18741	ZO15_XENLA
P18742	ZO19_XENLA
P18743	ZO2_XENLA
P18744	ZO20_XENLA
P18746	ZO26_XENLA
P18747	ZO28_XENLA
P18749	ZO6_XENLA
P18750	ZO61_XENLA
P18751	ZO71_XENLA
P18752	ZO72_XENLA
P18753	ZO84_XENLA
P18786	HISX_AZOBR
P18820	FER_PORAE
P18821	FER_PORPP
P18853	ZO8I_XENLA
P18890	RHG39_RAT
P18927	SCX2X_CENTE
P18992	HBB2_SAAHA
P19009	VITA1_XENLA
P19040	NU1M_ARTSA
P19042	NU2M_ARTSA
P19043	NU3M_ARTSA
P19046	NU4M_ARTSA
P19047	NU5M_ARTSA
P19048	NU6M_ARTSA
P19069	CO4_CAVPO
P19095	SAMP_MUSCA
P19133	FRIL_PIG
P19341	B2MG_CANLF
P19342	FIBB_THEGE
P19343	FIBB_PAPHA
P19344	FIBB_PAPAN
P19345	FIBB_MACFU
P19346	FIBB_ERYPA
P19347	VA1_BPBF2
P19363	GLB1_ARTSX
P19371	IPYR_NITV2
P19376	H1S_STRPU
P19577	PRTE_DICNO
P19589	PSBQ_PEA
P19601	SAX1_CHICK
P19628	CBPB_PROAT
P19663	TYPH_LACRH
P19749	RP35_SHEVK
P19842	LUXE_PHOLU
P19864	CYT3_WISFL
P19865	CRG2_RHIAS
P19897	TERM_BPM2
P19905	NTRC_VIBAL
P19916	DCML_PSECH
P19917	DCMM_PSECH
P19918	DCMS_PSECH
P19977	MDH_ACTMI
P19978	MDH_KIBAR
P19979	MDH_MICGL
P19980	MDH_PHEIM
P19981	MDH_PLAVE
P19982	MDH_STRAR
P19983	MDH_STRRS
P19985	ESTJ_MANSE
P20011	LIGA_TRAVE
P20012	LIGB_TRAVE
P20016	DHE2_THUTH
P20022	VATB_METTL
P20031	RL5_PROVU
P20032	RL24_PROVU
P20034	PDGFB_PIG
P20057	HEMO_CHICK
P20117	PSAD_PEA
P20118	PSAE_PEA
P20119	PSAF_PEA
P20120	PSAG_PEA
P20121	PSAH_PEA
P20140	PEP2_THUOR
P20162	LPTB_PSEPU
P20300	TRM1_PYRWO
P20400	OPGG_PSESY
P20412	GLB1_LAMSP
P20413	GLB4_LAMSP
P20479	GLN1B_PHOLP
P20658	PR10_CAVPO
P20677	SAMP_PLEPL
P20699	ACEA_HELAN
P20721	CYSPL_SOLLC
P20728	CAL1_CALGI
P20729	CHHA3_BOMMO
P20731	COG1_PARCM
P20732	COGA_PARCM
P20733	COGB_PARCM
P20734	COGC_PARCM
P20755	HA2P_RABIT
P20860	FMF1_ECOLX
P20864	CEMA_VICFA
P20900	PSAE_THEVL
P20913	HM19_XENLA
P20914	PO3F3_XENLA
P20956	HV01_XENLA
P20957	HV02_XENLA
P21157	COBQ_METVO
P21174	DPO3B_MICLU
P21215	12AH_CLOS4
P21222	NP30_STAAU
P21225	CHI1_PEA
P21227	CHIB_PEA
P21370	EST2_CULPI
P21586	RKGG_CARCR
P21587	RKGG_LEPKE
P21596	VG22_BPT2
P21597	VG22_BPT6
P21710	YFHA_KLEOX
P21787	P320_TRYBB
P21800	VAO_PLEOS
P21833	GUN1_SCLSC
P21834	GUN2_SCLSC
P21843	MCPT3_MOUSE
P21878	YPDA_GEOSE
P21959	CMC17_EIMAC
P21983	FLAA_TREPH
P21984	FLA1_SPIAU
P21985	FLA2_SPIAU
P21986	FLA3_SPIAU
P21987	FLA4_SPIAU
P21988	FLA1_TREPH
P22231	CAP8_ADECG
P22347	YVDE_LACLC
P22442	KARA_BROPL
P22556	POLG_TAMV
P22582	LECA1_PSOSC
P22583	LECA3_PSOSC
P22584	LECB1_PSOSC
P22585	LECB2_PSOSC
P22588	FIBS_BPP1
P22623	HSP72_PARLI
P22775	FIBR_PANIN
P22833	YIDC_PROMI
P22840	GYRB_PROMI
P22896	MERR_ACIFR
P23002	FLAW_AZOCH
P23021	CY550_ANCNO
P23029	RIP2_TRIKI
P23032	LEC3_ULEEU
P23036	CY552_SCHAZ
P23037	CY555_SCHAZ
P23078	PSAF_THEVL
P23081	EFG_GEOSE
P23084	HVC1_HETFR
P23085	HVC2_HETFR
P23086	HVC3_HETFR
P23087	HVCS_HETFR
P23210	VP19_HHV1K
P23310	RL16_GEOSE
P23332	J1_SWPVK
P23397	HMEN_HELTR
P23398	UBIQP_STRPU
P23649	NU1M_ASTFO
P23667	CO3_XENLA
P23723	PUTP_KLEOX
P23777	PP1_BRANA
P23778	PP2A_BRANA
P24114	LUXA_VIBCL
P24134	FENR_STRGR
P24143	NODI_RHILT
P24222	YHUH_STRGR
P24332	MYX2_CRODU
P24334	MYX4_CRODU
P24365	PTHP_STRSA
P24429	PP71_HCMVT
P24475	RIP3_SURMU
P24694	HPF_ACIFI
P24701	DPO3B_ACTPL
P24742	3SXA_CALBG
P24743	SPI8_SOLTU
P24744	CPI2_SOLTU
P24819	POL2_ARMV
P24902	ACT_PINCO
P24925	ITRA_ALBJU
P24927	ITRB_ALBJU
P24999	NU5M_PISOC
P25010	CCNAL_DAUCA
P25072	PA21_MICTM
P25088	GP2_EHV1D
P25222	VP5_IBDVP
P25261	T2G1_HERAU
P25267	MTG1_HERAU
P25277	YB1M_HERAU
P25281	YE1M_HERAU
P25407	HSOP_PLAFA
P25513	ORND_PLAOR
P25735	UVRA_SERMA
P25761	ATP6_PSEPU
P25933	KPPR1_SELMI
P25934	KPPR2_SELMI
P25937	PSAL_THEVL
P25965	ATP6_ALKAL
P25973	CYT_SOYBN
P26145	PA_I82A2
P26217	ARBH_DICCH
P26226	HTIA_MANSE
P26227	HTIB_MANSE
P26247	NIFU_NOSCO
P26317	CH60_HELVI
P26335	VSE2_TRYBR
P26620	ADHR_DROMA
P26635	EGR2_POERE
P26767	SP2G_BACTK
P26768	RPSX_BACTK
P26812	TMP_BPF41
P26820	RK14_VIGUN
P26840	MATA_LYSSH
P26843	LEPA_PSEFL
P26888	MER20_EUPRA
P26909	XYLB_ARTS7
P26912	NLTP_PINPI
P26913	NLTPB_WHEAT
P26944	MOAC_AZOBR
P27015	SCRY4_NOTSL
P27072	RS13_MUSDO
P27132	ACT2_NAEFO
P27145	RL15_LACLC
P27173	PMRA_LACLC
P27203	H1L5_ENSMI
P27204	H1L6_ENSMI
P27205	EM1_ENSMI
P27327	RDRP_LVX
P27417	VPAP_HHV6G
P27459	PRLA_ACHLY
P27510	APAH_KLEAE
P27583	FABG_PERAE
P27634	EF1A_RHYAM
P27663	MATRX_VHSV0
P27687	HEMT2_PHAGO
P27872	OPNR_RHIRH
P27894	HSP70_LEIBR
P28009	UVRA_PROMI
P28013	CFI2_MEDSA
P28096	WNT4_STRPU
P28099	WN10A_ALOVU
P28103	WNT5A_ALOVU
P28109	WNT5A_ANSCE
P28114	WNT3_EPTST
P28117	WNT5A_PLESK
P28132	WN10B_PLEJO
P28193	PTP1_STYPL
P28194	PTP2_STYPL
P28195	PTP3_STYPL
P28196	PTP4_STYPL
P28197	PTP5_STYPL
P28198	PTP6_STYPL
P28199	PTP7_STYPL
P28200	PTP8_STYPL
P28201	PTP9_STYPL
P28202	PTP10_STYPL
P28203	PTP11_STYPL
P28204	PTP12_STYPL
P28205	PTP13_STYPL
P28206	PTP14_STYPL
P28207	PTP15_STYPL
P28208	PTP16_STYPL
P28209	PTP17_STYPL
P28210	PTP18_STYPL
P28211	PTP19_STYPL
P28212	PTP20_STYPL
P28213	PTP21_STYPL
P28214	PTP22_STYPL
P28215	PTP23_STYPL
P28216	PTP24_STYPL
P28217	PTP25_STYPL
P28218	PTP26_STYPL
P28219	PTP27_STYPL
P28308	PRTE_HALME
P28485	ADHR_DROER
P28486	ADHR_DROTE
P28502	HIR1A_HIRME
P28529	ATPI_DIALT
P28580	NIFQ_ENTAG
P28587	LEC2_AXIPO
P28588	LEC3_AXIPO
P28617	MAP1_GEOSE
P28620	SECY_GEOSE
P28735	HIS8_MYCSM
P29091	BGLS_SCHCO
P29113	PIC2_RHIRD
P29133	DNAK_ACIFR
P29137	CHI1_CASSA
P29174	CSDE1_CAVPO
P29184	HP29_SARPE
P29221	RL16_ACHLA
P29224	RS19_ACHLA
P29259	AH1_PRUSE
P29260	AH2_PRUSE
P29261	AH3_PRUSE
P29262	AH4_PRUSE
P29263	PH1_PRUSE
P29264	PH2_PRUSE
P29265	PH3_PRUSE
P29309	1433_XENLA
P29345	RS6_TOBAC
P29420	NLTP_RAPSA
P29438	DPO3B_SERMA
P29532	GERP_WHEAT
P29541	EFG_STRRA
P29605	LIPT_BURCE
P29734	CPCF_MASLA
P29773	ETS2_LYTVA
P29779	OV252_ONCVO
P29867	NU2M_DROMA
P29868	NU2M_DROSE
P29869	NU2M_DROSI
P29927	UVRA_PARDE
P29950	UNG_SINSX
P30003	UL37_HHV6G
P30170	ACT10_SOLTU
P30172	ACT12_SOLTU
P30174	ADF_BRANA
P30193	EPIZ_STAEP
P30226	DEF2_BRANA
P30227	DEF1_BRACM
P30228	DEF2_BRACM
P30271	AMYB_SECCE
P30322	DPOM_AGABT
P30442	B2MG_MESAU
P30522	GLGC_BACCL
P30525	TRPD_BACCA
P30540	YGLB_GEOSE
P30576	CHS1_AJECA
P30577	CHS2_AJECA
P30578	CHS3_AJECA
P30579	CHS1_AJEDE
P30580	CHS2_AJEDE
P30581	CHS1_ASPNG
P30582	CHS2_ASPNG
P30585	CHS1_EXOJE
P30586	CHS2_EXOJE
P30587	CHS3_EXOJE
P30590	CHS1_EXOEX
P30591	CHS2_EXOEX
P30592	CHS1_RHIAT
P30593	CHS2_RHIAT
P30596	CHS1_SCHCO
P30603	CHS1_XYLBA
P30604	CHS2_XYLBA
P30660	AN_SUHVN
P30782	GRO1_RABIT
P30806	CALR_SPIOL
P30809	JHEA_TRINI
P30810	JHEB_TRINI
P30812	BGAL_RHIRD
P30817	US10_CHV1
P30895	PG108_VACCP
P31010	TX3_PHONI
P31031	T2P1_PROHU
P31082	HSP7S_CUCMA
P31172	CCSA_PEA
P31247	HXB3_XENLA
P31256	HXB6_XENLA
P31261	HXA2_NOTVI
P31262	HXC5_NOTVI
P31357	HXB1_AMBME
P31504	HUNB_APIME
P31505	HUNB_BITTE
P31506	HUNB_CALVI
P31507	KRUP_APIME
P31508	ESCA_APIME
P31509	ESCA_CRYAO
P31534	HMEN_LAMPL
P31535	HMENA_MYXGL
P31536	HMENB_MYXGL
P31537	HME1A_XENLA
P31538	HME1B_XENLA
P31563	TI214_OENBE
P31565	CCSA_OENBE
P31568	YCF2_OENPI
P31569	YCF2_OENVI
P31718	CPXX_RHORH
P31732	OV71_ONCVO
P31832	CALR_PELLE
P31859	PA2B_VIPBE
P31860	GYRB_RHOCA
P31861	DPO3B_RHOCA
P31925	SUS_SACOF
P32101	RLP7_CYBJA
P32197	ELAS_GADMO
P32415	HPA1_PELLE
P32416	HPB9_PELLE
P32574	POLG_PWVMI
P32575	POLG_PWVSE
P32576	POLG_PWVTB
P32815	YGL5_GEOSE
P32954	CYSP1_VASCU
P32955	CYSP2_VASCU
P32956	CYSP3_VASCU
P32957	CYSP4_VASCU
P33036	NRLA_ACISA
P33044	THHR_HORVU
P33045	THHS_HORVU
P33047	APOC1_RABIT
P33163	MDH_THEAL
P33179	NIFU_ANASL
P33191	TUB8_SOLTU
P33556	NLTP2_VITSX
P33564	RS7_MYCIT
P33581	GHR4_RAT
P33585	PABL_STRGR
P33670	PTSN_PSEPU
P33785	TRAJ7_ECOLX
P33789	TRAY8_ECOLX
P33791	THIO_KITAU
P33888	AGI_EUPCH
P33970	BACH_HALHM
P34033	CP2BX_CAVPO
P34153	COG1_CHIOP
P34154	COG2_CHIOP
P34155	COG3_CHIOP
P34156	COG4_CHIOP
P34169	OBP_ANTPO
P34172	OBP_HYACE
P34173	OBP_LYMDI
P34175	PBP_HYACE
P34176	PBP1_LYMDI
P34177	PBP2_LYMDI
P34178	PBP_ORGPS
P34324	BAT15_CAEEL
P34701	RDRP_BPJP3
P34828	EFTS_ARTPT
P34829	RM14_ACAPO
P34830	RM16_ACAPO
P34934	HSP7X_PIG
P35002	CTRP_PENMO
P35018	RPOC2_GALSU
P35043	TRYA3_LUCCU
P35050	TRYP_PENMO
P35051	TRYP_PROAT
P35430	AHD2_TETPY
P35491	PRVM_SCYCA
P35539	FLIN_PECCC
P35586	COCO_LIMPO
P35608	NF1_CHICK
P35634	FLA2_BARBA
P35643	RS12_EIKCO
P35644	EFTU_EIKCO
P35707	FLAV_NOSSM
P35756	IR31_HAEIF
P35758	TCTP_TRYBB
P35889	DNAA_MYCMY
P35892	DNAA_SPIAP
P35894	GU01_RAT
P35907	DNAA_WOLSP
P35912	YCF24_GALSU
P35985	CAPSH_ADECU
P35987	CAPSP_ADECU
P35993	HOX7P_XENLA
P36207	RR16_GINBI
P36231	LECB_IRIHO
P36251	RPOB_LIBAS
P36262	NUSG_LIBAS
P36274	VG08_BPP21
P36322	VPAP_EHV1D
P36379	SPRC_NEOVI
P36385	PRTP_HHV2
P36414	TRPI_PSEPU
P36432	SYV_HAEPA
P36441	RPOC1_HETAK
P36515	YLM1_YEASX
P36522	RM12_YEASX
P36530	YX35_YEASX
P36686	SURE_HISSO
P36697	R1AB_CVCAI
P36850	CAPSH_ADE04
P36852	CAPSH_ADE08
P36855	CAPSH_ADE31
P36875	2AAA_PEA
P36960	LANC_CARUI
P36987	TX22E_PLETR
P37006	LAST_SERMA
P37103	PLAP_KLEPN
P37119	C71A3_SOLME
P37121	C76A1_SOLME
P37123	C77A1_SOLME
P37138	LIM2B_XENLA
P37227	MDHM_SCHMA
P37356	AMAA_PARTM
P37365	P2CO_ARTSY
P37715	LYS_ASTRU
P37752	TRMO_EIKCO
P37836	PFL_CHLRE
P37839	SOX1_PLEWA
P38026	A1AT_CHILA
P38397	SECY_PYRSA
P38534	GUNX_PRUPE
P38588	HMWC_MEGG1
P39085	NLTP2_WHEAT
P39090	A1BG_EQUAS
P39092	A1BG_PIG
P39433	SLT_ENTCL
P39674	MAG29_DERFA
P39884	YDFG_DICNO
P40178	PUR5_STRFR
P40603	APG_BRANA
P40634	ADW2_ALLMI
P40635	ADW4_ALLMI
P40636	ADW5_ALLMI
P40637	AES1_ALLMI
P40638	AES2_ALLMI
P40639	AES4_ALLMI
P40640	AES6_ALLMI
P40641	AMA1_ALLMI
P40642	AMA2_ALLMI
P40643	AMA3_ALLMI
P40651	MG42_TARMA
P40652	MG43_TARMA
P40653	MG44_TARMA
P40654	LG27_EUBMA
P40655	LG28_EUBMA
P40684	DCUA_SERMA
P40979	YOR1_CALSR
P41018	CSPB_SPOGL
P41029	PTFC_BACAM
P41124	MALK_PHOLU
P41130	MALE_PHOLU
P41132	PIT_STRHA
P41147	ARCD_PSEPU
P41187	RPOB_LIBAF
P41190	RL10_KLEPN
P41192	RL10_SERMA
P41207	RS10_DESMO
P41392	MAP1_KLEOX
P41397	DAPD_KLEOX
P41502	NTRC_RHILP
P41548	RK27_CALSH
P41549	RK27_CHRAL
P41550	RK27_HAPHI
P41551	RK27B_CYACA
P41552	RK27_PLEHA
P41553	RK27_PORPP
P41692	RS26_NEOVI
P41711	PYHD_NPVAP
P41722	FUS_NPVBM
P41737	LRCH1_FELCA
P41908	SYNC_SACPA
P41959	RS26_BRUPA
P41960	RL26_BRUPA
P41961	RL15_BRUPA
P41986	ACM4_BOVIN
P42047	PSAE_CUCSA
P42049	PSAG_CUCSA
P42050	PSAH_CUCSA
P42051	PSAK_CUCSA
P42052	PSAO_CUCSA
P42053	PSAN_CUCSA
P42183	PRSD_ECOLX
P42184	PRSA_ECOLX
P42198	TF2B_HALVA
P42274	FLID_PROMI
P42275	RS20_PROMI
P42340	RK14_OENAM
P42341	RR2_CONAM
P42343	RR8_OENAM
P42353	RK16_VIGUN
P42355	RK16_OENAM
P42359	YSC6_STRGC
P42472	EFTU_CHLAU
P42478	EFTU_SPIAU
P42510	GPH_PSESS
P42515	YPY1_HALHA
P42516	PCL_HALHA
P42554	S1FA_MAIZE
P42585	HBX3_ECHGR
P42754	MTDH_PETCR
P42832	CTC_BACCL
P42855	ZB14_BRAJU
P42876	UREF_STAXY
P43001	PRL_BUFJA
P43128	FRE_VIBOR
P43169	YMP5_STRCH
P43338	NUDL_KLEAE
P43344	RPOD_SERMA
P43415	RL15_STRSC
P43448	RL10_CITFR
P43461	YCGK_PSEVC
P43645	CATR_SPESI
P43646	CATR_TETST
P45361	CRT_CLODI
P45362	THLA_CLODI
P45407	CCMC_RHILV
P45458	MASY_SOYBN
P45459	DAMX_SERMA
P45495	YPEV_LACDL
P45503	FTSQ_STRGR
P45509	CFA_CITFR
P45601	RS20_KLEPN
P45661	KAX_LEIQU
P45783	GSPN_AERSA
P45785	YEXN_AERSA
P45786	RS20_AERHY
P45787	RS20_AERSA
P45788	RS20_AERSO
P45959	ALDH2_GEOSE
P45981	GALT_BUTFI
P46172	RS3_BUCAK
P46190	RS15_MESHY
P46216	SYV_TRIVA
P46289	RL15_BRANA
P46364	XYLB_ACIGI
P46365	XYLC1_ACIGI
P46382	KT3K_KLEPN
P46771	RSSA_STRPU
P46780	RL28_XENLA
P46802	SPD1_ARABI
P47236	PAX1_CHICK
P47724	DEOD_MYCPI
P47763	MUTS_YEREN
P47764	NLPD_YEREN
P47831	RL28_CANAX
P47832	RL26_CHICK
P48012	BUD3_SCHOC
P48429	GST2_ASCSU
P48677	GFAP_CARAU
P48862	EFG_NEIGO
P48904	NU2M_CYACA
P48945	RT14_BIGNA
P48956	RL21_STRTR
P49168	RR12_PINCO
P49212	RL37_SOLLC
P49214	RS9_TOBAC
P49261	CROB_LEPLU
P49325	SLAP_BACTG
P49451	CENPB_SHEEP
P49600	SP2E_PRIMG
P49603	CHS1_BOTFU
P49623	RL5_SERMA
P49624	RL24_SERMA
P49628	RL21_XENLA
P49629	RL26_XENLA
P49667	RL21_PYUST
P49820	NDUV2_CANLF
P49975	RL15_STRLI
P49976	SECY_BUCAK
P49987	RECA_STRSL
P50063	EFTU_GLOMP
P50065	EFTU_LEPEC
P50066	EFTU_LEPBY
P50067	EFTU_PROHO
P50071	GYRA_STRNV
P50157	TCPA_AMBME
P50208	HXA5_AMBME
P50209	HXA9_AMBME
P50210	HXA13_AMBME
P50271	COX3_DROSI
P50329	NOLA_BRAEL
P50374	EFTU_BRYPL
P50375	EFTU_DERMA
P50376	EFTU_COSCS
P50377	EFTU_GRALE
P50378	EFTU_GONPE
P50379	EFTU_MANSQ
P50380	EFTU_PANMO
P50602	CHA8_LYMDI
P50603	CHA9_LYMDI
P50604	CHB2_LYMDI
P50611	FLGE_HELMU
P50658	NU1M_ANAPL
P50659	NU1M_SIMVI
P50660	NU4M_SIMVI
P50807	VL1_BPV6
P50824	VL1_HPV64
P50884	RL12_CHLRE
P50907	FTSZ_WOLPI
P50912	SODM_MYCKA
P50913	SODM_MYCSC
P50927	17KD_RICAM
P50928	17KD_RICAU
P50929	17KD_RICMO
P50930	17KD_RICPA
P50931	17KD_RICRH
P51031	CISY_BARBA
P51032	CISY_BAREL
P51035	CISY_BARVB
P51036	CISY_BARVI
P51039	CISY_RICAU
P51041	CISY_RICCA
P51048	MTR1A_XENLA
P51050	MTR1B_CHICK
P51051	MTR1B_XENLA
P51052	MTR1C_DANRE
P51411	RL10_PROVU
P51416	RK33_PEA
P51417	RL15_CHICK
P51421	RL32_MAIZE
P51429	RS15_NAEGR
P51434	PRVA_CAVPO
P51755	NIFE_METBA
P51926	NU1M_DROAI
P51930	NU1M_DROBF
P51931	NU1M_DROGU
P51932	NU1M_DROMD
P51938	NU1M_DROSS
P51986	CCNA_HYDVD
P51988	CCNB_HYDVU
P52000	RS12_MYCGO
P52001	RS12_MYCSZ
P52069	AAT_METEX
P52071	YPH1_METEX
P52158	RHO_ACIFI
P52222	CCMC_PSEFL
P52252	IOVO_ROLRO
P52390	EFTU_STRLU
P52395	E13B_SOYBN
P52536	UL25_HHV6G
P52586	F9_ORFN2
P52587	F9_ORFN7
P52620	DPO3B_VIBHA
P52665	BUDR_KLEAE
P52675	CYSB_THIRO
P52749	HYP2_PISTI
P52816	RL23_ONCVO
P52820	RS15_HELLU
P52833	SYT_PSESY
P52856	RS5_VIBPR
P52861	RL11_STRGB
P52862	RL11_ACIAM
P52865	RL22_GADMO
P52869	EAEA_HAFAL
P52930	SP0A_BACCE
P52937	SP0A_CLOBU
P53027	RL10A_PIG
P53353	ASPX_VULVU
P53458	ACT5_DIBDE
P53547	HM01_CAEEL
P53644	SODM_MYCCH
P53645	SODM_MYCMA
P53646	SODM_MYCMR
P53648	SODM_MYCPH
P53650	SODM_MYCSZ
P53771	BOX5_NOTVI
P54250	ACHA_FELCA
P54271	XYLB_ACTS3
P54621	BUK_GEOSE
P54650	HTPG_ALIFS
P54712	SODM_CANLF
P54713	NDUAA_CANLF
P54765	RAN1A_LOTJA
P54766	RAN1B_LOTJA
P54835	EFTU_CANLF
P54962	BLG4_BLAGE
P55003	CHS1_TUBUN
P55077	B2MG_MUSCR
P55078	B2MG_MUSCE
P55136	RLMD_PHOAS
P55166	PAX9_CHICK
P55173	PQQC_PSEPH
P55178	YAG5_STALU
P55246	GON3_ONCMY
P55322	MIH_PENVA
P55813	HBX4_ECHGR
P55832	RS4_HORSE
P55911	AROF_STRLI
P55924	BCD_DROSU
P55967	PSBW_WHEAT
P56268	FLAW_KLEOX
P56269	NIFA_AZOCH
P56281	CH60_LEITA
P56472	IDH3B_PIG
P56530	VIT_ANAPL
P56531	VIT_MELGA
P56540	CBBQ_ALLVI
P56586	PYRX_PSEFA
P56610	SCX4_TITBA
P56623	SGP1_THIRO
P56624	SGP3_THIRO
P56651	ITIH2_BOVIN
P56659	KNOX1_MAIZE
P56660	KNOX2_MAIZE
P56661	KNOX3_MAIZE
P56662	KNOX4_MAIZE
P56663	KNOX5_MAIZE
P56664	KNOX6_MAIZE
P56665	KNOX7_MAIZE
P56666	KNOX8_MAIZE
P56667	KNX10_MAIZE
P56668	KNX11_MAIZE
P56669	HLG3_MAIZE
P56675	JHBP_PLAVG
P56738	CFPA_TREPH
P56870	MACA2_RHOOP
P56928	ENA2_HORSE
P56948	PPAC_PRIMG
P57675	STC2_CAVPO
P58284	MTA1_AZOBR
P58396	KLPS_LYCER
P58516	SPI3_SOLTU
P58517	SPI4_SOLTU
P58518	API3_SOLTU
P58520	API6_SOLTU
P58570	SC18_MESMA
P58602	CPI4_SOLTU
P58825	P2RY2_CRIGR
P58826	P2RY4_CRIGR
P59681	RS20_GEOSE
P59682	RS6_GEOSE
P59683	RS10_GEOSE
P59724	FKBP3_VICFA
P59832	LACY_KLEPN
P59848	KAX19_CENLM
P59849	KAX26_CENLM
P59850	KAX2Y_CENLM
P59851	KAX2Z_CENLM
P59891	BCTX1_BABCE
P60260	SCX21_TITDI
P60261	SCX22_TITDI
P60262	SCX23_TITDI
P60263	SCX24_TITDI
P60264	SC29_CENLI
P60265	SCX9_CENNO
P60271	CTXL1_PARSC
P60319	KEN_DROYA
P61894	MDH_KLEOX
P61895	MDH_RAOTE
P61896	MDH_KLEVA
P61900	CX6A2_CANLF
P61901	CX6A2_SHEEP
P61902	CX6A1_CANLF
P61903	CX6A1_SHEEP
P61904	COX8B_CANLF
P61905	COX8A_CANLF
P62146	CALMA_ARBPU
P62150	CALM_ORYLA
P62284	ASPM_ATEGE
P62295	ASPM_SAGLB
P62809	CPD_WHEAT
P67854	ZEST_DROMA
P67855	ZEST_DROSE
P67856	ZEST_DROSI
P67885	ANGT_CHICK
P67886	ANGT_COTJA
P68108	FIBA_MACFU
P68109	FIBA_MACFA
P68110	FIBA_MACMU
P68111	FIBA_CHLAE
P68112	FIBA_ERYPA
P68113	FIBA_PAPAN
P68114	FIBA_PAPHA
P68115	FIBA_THEGE
P68170	IDE3_ERYCO
P68214	FIBA_SHEEP
P68215	FIBA_CAPHI
P68216	FIBA_CEREL
P68217	FIBA_CEREN
P68218	FIBA_LAMGL
P68219	FIBA_LAMVI
P68356	CSN6A_BRAOL
P68357	CSN6B_BRAOL
P68391	IOVO_AYTAM
P68392	IOVO_NETRU
P68451	PG045_VACCP
P69374	CEMA_AEGCR
P69375	CEMA_AEGTA
P69515	RDRP_CGMVW
P69766	CT5C_CONVC
P69767	CT53_CONVC
P70903	VLP19_BORHE
P71317	STHA_PECCC
P72179	SECY_PARDE
P72180	RS13_PARDE
P72188	CAPA_PSEFR
P72191	TAPA_PSEFR
P72192	TAPB_PSEFR
P72205	CYSZ_MANHA
P72216	LPXB_PROMI
P72230	EFG_PLARO
P72233	RL3_PLARO
P77891	SYGB_MORCA
P77984	SYE_STAXY
P77986	SYC_STAXY
P78983	HSP70_ALTAL
P79238	LEG10_PONPY
P79280	MYLK_PIG
P79324	RL15_PIG
P80008	ARYC_NOCGL
P80037	MDH_HELGE
P80048	HYEP_PSEU1
P80074	MYB1_PHYPA
P80082	ATPAM_SPIOL
P80088	ATP7_SPIOL
P80089	BIP_PHAVU
P80091	CY550_VIRHA
P80155	HEMTO_THETS
P80158	FLAB1_BRAHO
P80159	FLAA2_BRAHO
P80161	FLAB3_BRAHO
P80228	OMP44_MANHA
P80230	ERH_PIG
P80262	NUO5_SOLTU
P80263	NUO3_SOLTU
P80265	NDUA9_SOLTU
P80266	NDUA5_SOLTU
P80267	NDUBA_SOLTU
P80268	NUO2_SOLTU
P80274	NLTP4_VITSX
P80275	NLTP1_VITSX
P80323	CU47_LATCU
P80327	COX4_ONCMY
P80328	COX5A_ONCMY
P80329	CX5B1_ONCMY
P80330	CX5B2_ONCMY
P80331	COX6C_ONCMY
P80332	CX7A2_ONCMY
P80333	CX7A1_ONCMY
P80334	COX7C_ONCMY
P80335	COX8B_ONCMY
P80336	COX8B_RABIT
P80337	COX8B_SHEEP
P80347	FUC1_RAT
P80348	FUC2_RAT
P80349	FUC3_RAT
P80364	CCB23_HOMAM
P80368	OMP1_ACTPL
P80369	OMP2_GLAPU
P80387	AAKB1_PIG
P80393	AMP3_MELGA
P80406	CUDP_METCM
P80413	DLAA_AMYME
P80414	DLAG_AMYME
P80430	CX6B1_RAT
P80442	OMP1_ACTSU
P80443	OMP1_ACTEU
P80444	OMPA_ACTLI
P80451	OMPH_AVIPA
P80452	OMPH_AVIVO
P80453	OMPH_AVIAV
P80454	OMPH_AVIGA
P80459	MDH_RHORU
P80460	PSBU_SYNY4
P80462	DNAK_MYCAV
P80464	Q2OA_COMTE
P80465	Q2OB_COMTE
P80466	Q2OG_COMTE
P80472	DHAB_AMYME
P80473	MYOM1_BOVIN
P80474	APE_CAPGI
P80496	ATP7_SOLTU
P80498	COX2_SOLTU
P80499	COX5B_SOLTU
P80500	COX5C_SOLTU
P80502	CH60_SOLTU
P80509	HC3L_ACIFR
P80525	PCKG_FASHE
P80527	HGLB1_FASHE
P80528	CATL4_FASHE
P80529	CYSB_FASHE
P80530	HGLB2_FASHE
P80532	CATL3_FASHE
P80533	CATL9_FASHE
P80537	MDH_BURCE
P80538	MDH_VOGIN
P80539	MDH_DELAC
P80540	MDH_ACIDE
P80541	MDH_STEMA
P80542	MDH_BREDI
P80543	MDH_BREVE
P80550	PERE_PIG
P80565	FABPM_CHICK
P80567	ETX1_BACCE
P80568	ETX2_BACCE
P80583	FLA_CLOTY
P80605	DBH3_RHILE
P80606	IHFB_RHILE
P80619	G6PD_MAIZE
P80657	RBS_PHYPA
P80659	PGKH_PHYPA
P80660	PSBP1_PHYPA
P80661	PSBP2_PHYPA
P80662	PSBP3_PHYPA
P80673	CH60_MYCSM
P80692	DNAK_MYCSM
P80704	DHAB_COMTE
P80705	DHAG_COMTE
P80706	FEDB_AMYME
P80707	FEDG_AMYME
P80709	ACT_CARMA
P80717	XYNB_DICB4
P80718	XYNA_DICB4
P80729	NUO6_SOLTU
P80730	NUO7_SOLTU
P80731	NUO8_SOLTU
P80732	SODN_STRGR
P80736	CPI2_PIG
P80741	ALL4_OLEEU
P80742	LE01_BIOGL
P80743	LE04_BIOGL
P80744	LE05_BIOGL
P80745	LE06_BIOGL
P80750	RIPX_CUCPE
P80760	PRP_PHAVU
P80762	CWP03_PHAVU
P80774	CWP15_PHAVU
P80883	PETM_SPIOL
P80891	CYC4_ALIFS
P80896	RPN1_CHICK
P80897	RPN2_CHICK
P80899	VSPCA_GLOHA
P80917	ACP_ALCFA
P80926	CS33_ARAHY
P80930	ENA1_HORSE
P80933	PAG62_CAPHI
P80934	PAG59_CAPHI
P80935	PAG55_CAPHI
P80944	ZFX_PIG
P80972	COX5A_THUOB
P80973	COXC_THUOB
P80974	COX5B_THUOB
P80975	COX6A_THUOB
P80976	COX6B_THUOB
P80978	CX6C2_THUOB
P80979	COX7A_THUOB
P80980	COXN_THUOB
P80981	COXM_THUOB
P80982	COX7C_THUOB
P80983	COX8B_THUOB
P80984	COX8A_THUOB
P80997	GVPA_SPICC
P80998	GVPA_THIPN
P81001	GVPC_MICS1
P81010	FUSS_FUSVN
P81011	ESTB_SCHGA
P81012	ESTA_SCHGA
P81029	SMS2_ORENI
P81037	MILT_ONCKE
P81050	ANT3_MESAU
P81070	FIBR_PACLE
P81071	TRYP_FELCA
P81074	TNNC2_PRODO
P81083	HSP11_PINPS
P81084	RCA_PINPS
P81085	ACT_PINPS
P81087	GPX4_PINPS
P81098	SFAH_HELAN
P81104	FKB70_PINPS
P81107	GLNA2_PINPS
P81108	THIO_CLOSG
P81110	THIO_TISCR
P81130	COEC_SCYCA
P81132	PER2_VOLCA
P81149	CYC31_NITVL
P81151	CYC32_NITVL
P81161	HS22M_SOLLC
P81163	SODC_STRHE
P81173	BLAC_STRGR
P81175	FABPI_RHASA
P81179	PGLR_DIAAB
P81188	ALBU1_TRASC
P81189	ALBU2_TRASC
P81190	GUN_SCHCO
P81192	HXA4_LINSA
P81193	CDX_LINSA
P81216	ALL21_HORSE
P81217	ALL22_HORSE
P81228	ACT5_SOLTU
P81229	ACT8_SOLTU
P81242	NHE1_BACCE
P81247	QCR8_EQUAR
P81266	EF1A_MICCR
P81336	ADC_CLOPA
P81337	BUK_CLOPA
P81338	CH10_CLOPA
P81339	CH60_CLOPA
P81340	CYSK_CLOPA
P81341	DNAK_CLOPA
P81342	ETFA_CLOPA
P81343	HBD_CLOPA
P81344	KPYK_CLOPA
P81346	PGK_CLOPA
P81347	THLA_CLOPA
P81350	EFG_CLOPA
P81356	PDXS_CLOPA
P81357	CRT_CLOPA
P81361	TPX_CLOPA
P81369	SAL1_ONCMY
P81407	EFTU_MYCSY
P81419	ODPB_SOLTU
P81420	ODP3_SOLTU
P81421	ODP2_SOLTU
P81422	CATA_ACIRA
P81424	FA71_TETPY
P81430	ALL7_OLEEU
P81440	PHYB_ASPFI
P81469	STYA_STYCL
P81470	STYB_STYCL
P81471	APL3_DIAGR
P81495	AMPM_BOMMO
P81527	SODF_PHODP
P81530	MIFH_TRIMR
P81540	AMBI_ACIAM
P81545	SP34_DICMU
P81557	MUEP_SCAVE
P81567	DEFD6_SPIOL
P81568	DEFD5_SPIOL
P81569	DEFD4_SPIOL
P81570	DEFD3_SPIOL
P81572	DEFD1_SPIOL
P81573	DEFD7_SPIOL
P81611	DEFB_MYTED
P81614	MYMY_MYTED
P81624	ACBP1_DIGLA
P81625	ACBP2_DIGLA
P81627	JHBP_BOMMO
P81628	ERP29_CHICK
P81629	ERP29_TRIVU
P81638	FER_PYRWO
P81647	OBP1_HYSCR
P81648	OBP2_HYSCR
P81664	KPPR_PINPS
P81665	PSBO_PINPS
P81666	TPIS_PINPS
P81668	PSBP_PINPS
P81669	BGAL_PINPS
P81670	UN03_PINPS
P81710	LYSC2_HORSE
P81716	GPR_SCHGR
P81719	PIIS_ACHLY
P81720	PIIL_ACHLY
P81729	CHAL_BRARR
P81730	ACLY_ACHLY
P81745	TOG3C_AGEAP
P81746	TOG3D_AGEAP
P81785	MLOL_LINUS
P81786	ALDH_MORSE
P81789	TX21A_PHONI
P81794	TOM7B_SOLTU
P81833	TL29_SPIOL
P81834	TL16_SPIOL
P81869	OC90_CAVPO
P81875	DNAK_ACICA
P81876	HTPG_ACICA
P81879	SMS2_PIAME
P81905	ISP1_GALME
P81906	ISPI2_GALME
P81907	ISP3_GALME
P81925	AB27_CYPCA
P81943	ALL5_APIGR
P81987	IPYR_EUGGR
P81988	IPYR_OCHDN
P81990	CRVP_ASPSC
P81991	CRVP1_AUSSU
P81992	CRVP2_AUSSU
P81993	CRVP_BUNCA
P81994	CRVP_TROCA
P81995	CRVP_TRIPP
P82008	SEC63_CANLF
P82009	SEC62_CANLF
P82108	MCI_MYTUN
P82109	MTI_MYTUN
P82126	N190_PIG
P82145	FABPL_CHAVI
P82150	FERT_TOBAC
P82175	LYS_ESTAC
P82188	FABPL_LETCA
P82210	MYS_BOMMO
P82238	SAL2A_ONCMY
P82239	SAL2B_ONCMY
P82240	SAL3_ONCMY
P82256	CAPSD_IHHNH
P82288	GUN1_ACRSP
P82296	HCY1_HOMAM
P82297	HCY2_HOMAM
P82298	HCY3_HOMAM
P82299	HCY4_HOMAM
P82300	HCY5_HOMAM
P82301	HCY6_HOMAM
P82302	HCY1_MAJSQ
P82303	HCY2_MAJSQ
P82304	HCY3_MAJSQ
P82305	HCY4_MAJSQ
P82306	HCY4E_MAJSQ
P82307	HCY5_MAJSQ
P82308	HCY6_MAJSQ
P82309	HCY4_CARMA
P82310	HCYIA_PANJA
P82311	HCYIB_PANJA
P82312	HCY2_PANJA
P82313	HCY3_PANJA
P82339	PSAN_PEA
P82439	CWP31_TOBAC
P82542	PLMS_SQUAC
P82609	SULT_ICTPU
P82816	MDHM_TOBAC
P82866	RNAB_LITPI
P82867	SB18_MAIZE
P82868	SB60_MAIZE
P82899	H1B_OLILU
P82902	SODC2_DEBHN
P82945	VDAC_DORPE
P82946	MPAG4_DACGL
P82954	AHPC_ACICA
P82955	AHPF_ACICA
P82956	CLPB_ACICA
P82963	CHAO_TRICA
P82964	AP65_CARMA
P83009	PLMS_LAMNA
P83012	COX5A_SCYCA
P83049	XYL2_PIG
P83061	FKBP2_SPIOL
P83063	RL10_BACCE
P83065	RL5_BACCE
P83067	EFG_BACCE
P83075	PGK_BACCE
P83076	SODM_BACCE
P83079	OMP_SODGL
P83115	TFDC1_DELAC
P83116	TFDC2_DELAC
P83117	AHPC_DELAC
P83126	PAG67_BOSIN
P83137	AFP3_MALPA
P83138	AFP4_MALPA
P83139	AFP5_MALPA
P83149	OM4VA_VIBAL
P83150	FLA_VIBAL
P83152	APCB_ANASL
P83153	PHCB_ANASL
P83154	PYG3_ANASL
P83155	ALF_ANASL
P83156	FER_ANASL
P83157	SODF_ANASL
P83159	PYR1_ANASL
P83160	RBS_ANASL
P83168	A2AP_STRCA
P83169	PLMN_STRCA
P83172	HCYC_CHEDE
P83173	HCYA_CHEDE
P83175	HCYB_CANPG
P83176	HCY1_CARMA
P83177	HCY2_CARMA
P83178	HCYB_CARMA
P83186	BRA_BASAL
P83187	BRB_BASAL
P83195	WP1_PEROL
P83198	SACA3_VULVU
P83202	PAG55_SHEEP
P83203	PAG57_SHEEP
P83245	RIP_PLETG
P83282	CICD_CICFL
P83287	ONC1_ONCMY
P83289	SODM_ARTDA
P83336	TP1B_MALDO
P83343	PR4_PRUPE
P83347	MGP_PRIGL
P83348	TRYP_APIMS
P83375	BSP43_SERPL
P83378	BSP23_SERPL
P83379	PPH2_SOLLC
P83380	PPH1_SOLLC
P83422	LEC1A_MORNI
P83423	LC2B1_MORNI
P83424	LEC1B_MORNI
P83426	LC2B2_MORNI
P83437	COG5_BOVIN
P83444	PAG59_SHEEP
P83445	FRI2_PEA
P83449	CLRB_STUCH
P83450	CLRG_STUCH
P83454	NCP3_COPCM
P83465	AEGL_CYCAE
P83488	CHXI_ASPFL
P83491	OLPA_HEVBR
P83494	PA61B_SHEEP
P83497	PA66E_SHEEP
P83499	PA59G_SHEEP
P83500	PA55H_SHEEP
P83504	PSBO_BRACM
P83507	MUP_CAVPO
P83517	ALBU_NEOFS
P83540	GUAA_FRUSA
P83574	POLG_NIGSP
P83575	NDP1_ARTSK
P83576	NDP2_ARTSK
P83601	G3P_NAEFO
P83603	BMTI2_RHIMP
P83604	BMTI3_RHIMP
P83605	BMTI4_RHIMP
P83606	BMTI6_RHIMP
P83607	BMTID_RHIMP
P83630	CB30_HYDMC
P83631	CPRM_PINNO
P83650	PLMS_SCYCA
P83687	PSBP_EUGGR
P83688	CC12_EUGGR
P83707	SODF_DELAC
P83709	DNAK_DELAC
P83710	EFTU_DELAC
P83715	CATA_ACICA
P83720	PHCA_TOLSC
P83724	DNAK_NAEFO
P83726	IDHC_NAEFO
P83742	IGW1_HETFR
P83743	IGW2_HETFR
P83761	HBB_OREMO
P83762	MUCSM_CANLF
P83770	INSL_VIGUN
P83830	ICI_EISHO
P83834	PR1_CUCME
P83853	VAM6L_MOUSE
P83908	CRU1_SINAL
P83955	LG29_VIGUS
P83956	LG31_VIGUS
P83957	TLP_CASCH
P83959	TLP_PHAVU
P83960	BNCA_BENHI
P83961	BNCB_BENHI
P83977	IGNAR_GINCI
P83978	IGW4_HETFR
P83981	IGW1_GINCI
P83984	IGWP_GINCI
P83985	IGWS_GINCI
P83986	CARI_CICAR
P83987	CERI_CICAR
P84001	29C0_ANCSP
P84013	TX29A_PHOKE
P84027	32C7_ANCSP
P84061	AFP_DIOTE
P84063	TX1B_PHOKE
P84071	ASCL_ALLCG
P84072	CHAR_MOMCH
P84073	RIPL_LUFAE
P84107	RHG_RAT
P84160	NLTP_CITLI
P84161	NLTP_CITSI
P84178	SY1_PHYPO
P84208	ENO_IMPCY
P84209	MDHM_IMPCY
P84210	FENR_IMPCY
P84286	HPOR_APLCA
P84295	NU1M_DROPB
P84300	NU1M_DROAZ
P84301	NU1M_DROAL
P84302	NU1M_DROTR
P84303	NU1M_DROAM
P84304	NU1M_DROOB
P84305	NU1M_DROMI
P84315	EF1A_HELVI
P84316	EF1A_HELZE
P84317	EF1A_HELAM
P84318	EF1A_HELGL
P84319	EF1A_HELAL
P84320	EF1A_HELDI
P84321	EF1A_ADIBE
P84322	EF1A_ANIIF
P84341	PHCB_LIMFS
P84342	PPIA_NAEFO
P84460	PHCY_LIODE
P84461	HCY1_LIODE
P84462	HCY2_LIODE
P84482	FIBA_AMMLE
P84517	NOX_BOMMO
P84526	ILEC1_XERSP
P84529	2SS1_BRARC
P84532	SAHH2_POPEU
P84533	SAHH1_POPEU
P84538	CYSK_POPEU
P84539	MAOX_POPEU
P84540	TKT_POPEU
P84541	ENO_POPEU
P84542	METE_POPEU
P84543	CISY_POPEU
P84544	G3PB_POPEU
P84545	DLDH_POPEU
P84546	ACCC_POPEU
P84547	SAT_POPEU
P84548	THI4_POPEU
P84553	H1A2_CHICK
P84554	TIQ2_RHISA
P84555	TIQ7_RHISA
P84556	TIS5_RHISA
P84557	RAN_POPEU
P84559	ATPE_POPEU
P84561	P2SAF_POPEU
P84562	RCA_POPEU
P84563	PSAD_POPEU
P84575	MAF_SCHMA
P84576	2SS_CUCMO
P84577	HSP90_POPEU
P84578	FTSH_POPEU
P84579	CH10C_POPEU
P84581	RUBB_POPEU
P84587	ZN326_RAT
P84589	UBIQ_LUMTE
P84632	SSP1_AMSAL
P84676	SC27_TITOB
P84677	SC29_TITOB
P84678	SC31_TITOB
P84679	SC33_TITOB
P84680	SC35_TITOB
P84681	SC37_TITOB
P84682	SC39_TITOB
P84683	SC40_TITOB
P84686	SC46_TITOB
P84689	SC56_TITOB
P84690	SC58_TITOB
P84691	SC61_TITOB
P84692	SC64_TITOB
P84694	SC83_TITOB
P84703	BACT_RHILV
P84709	BAP1_LATCU
P84710	BAP2_LATCU
P84711	BAP3_LATCU
P84712	TRIN1_MESSA
P84714	PER_CYNCS
P84717	HSP01_PINST
P84722	ALFC_PINST
P84727	PSBP_PINST
P84729	BAS1_PINST
P84731	PGK_PINST
P84748	PEP16_ARGAU
P84749	PEP18_ARGAU
P84750	KVM5_MOUSE
P84751	HVM63_MOUSE
P84752	PERA_ALOVR
P84753	PERB_ALOVR
P84760	ALVOL_POLAE
P84762	LECA_ARTTO
P84763	THURS_BACTE
P84765	SSG1_SECCE
P84766	SSG1_AEGTS
P84768	PHCY_LIOHO
P84769	PHCY_LIOMA
P84785	DEF_PHACN
P84795	CEKI_PAUEC
P84796	ALLIU_ALLSA
P84797	AFAGR_AGRCY
P84799	PSMA_HALDO
P84800	PLAS_THAOC
P84819	PORC_PYREN
P84846	HCY1_NECPU
P84847	PHCY_NECPU
P84851	TX115_PHYSE
P84855	MUP_RATRT
P84866	PLEUR_PLEOS
P84869	PVAP_PHAVU
P84884	AFP1_PASED
P84890	ITRY_ARCEL
P84913	CLOT_PENPU
P84916	PAG72_BISBI
P84917	PAG74_BISBI
P84918	PAG76_BISBI
P84973	EF1D_POPEU
P84976	GRP2_POPEU
P84981	FENR_POPEU
P84982	CLPPH_POPEU
P84983	GSTF1_POPEU
P84984	GSTF2_POPEU
P84988	CB21_POPEU
P84989	PSBO_POPEU
P84990	CB22_POPEU
P84991	CB23_POPEU
P84995	GANOD_GANLU
P85006	VMXP_PROSR
P85031	TLLP_PHONI
P85042	IVBL_DABSI
P85048	PAG75_BUBBU
P85049	PAG70_BUBBU
P85063	ALLD3_ACTDE
P85080	GTF3_LEUME
P85086	RCA_ARAHY
P85087	GLNA_VITSX
P85089	GTF2_LEUME
P85093	VELAC_TRIVU
P85099	CRVP_PHIPA
P85102	AFP_CULCO
P85110	SLAP2_BACHU
P85111	RCA_VITSX
P85112	KPPR_VITSX
P85122	SLAP1_BACHU
P85126	QUA1_QUEAL
P85145	F1712_CTEON
P85146	F186_CTEON
P85191	CP450_HELAN
P85193	PK01_HELAN
P85199	RH3_HELAN
P85217	METC_PAPLA
P85218	GUN1_HYPRU
P85235	TX36A_CTEON
P85236	F95_CTEON
P85237	F266_CTEON
P85267	TX29A_CTEON
P85271	TXF91_CTEON
P85272	TXF22_CTEON
P85273	TXM20_CTEON
P85274	TX90A_CTEON
P85275	TX36C_CTEON
P85276	TX36B_CTEON
P85293	EXPB_PASNO
P85296	PIGR_CAPHI
P85297	MFGM_CAPHI
P85303	P2SAF_SPIOL
P85307	FLA1_BACCE
P85311	HBBC_CATCL
P85319	PA67A_BISBO
P85320	PA55B_BISBO
P85321	PA50C_BISBO
P85322	PA71D_BISBO
P85323	PA55E_BISBO
P85324	PA50F_BISBO
P85325	PA71G_BISBO
P85326	PA60H_BISBO
P85327	PA50I_BISBO
P85328	PG4J1_BISBO
P85329	PG4J2_BISBO
P85330	PG76K_BISBO
P85331	PER1_BETPN
P85332	PERC_BETPN
P85333	PER2_BETPN
P85334	PER3_BETPN
P85335	PER4_BETPN
P85336	GLP1_BETPN
P85337	CHI1_TAXBA
P85338	CHI2_TAXBA
P85343	CHI1_GINBI
P85346	PER1_CYCRE
P85347	PER2_CYCRE
P85348	PER3_CYCRE
P85349	PER4_CYCRE
P85351	PER5_BETPN
P85352	GLP2_BETPN
P85353	GLP3_BETPN
P85354	GLP4_BETPN
P85355	CHI3_TAXBA
P85412	BGAL_PHODC
P85431	PER5_CYCRE
P85432	PER6_CYCRE
P85433	PER7_CYCRE
P85434	PER8_CYCRE
P85437	CR3RP_CANAX
P85438	ACAC_CATRO
P85439	PER1_CATRO
P85440	ADH1_CATRO
P85444	PPIA_PENGL
P85445	ATPD_PENGL
P85483	E13B_PINHA
P85508	CBG95_UNIPI
P85509	CBG50_UNIPI
P85510	CBG29_UNIPI
P85516	BGL1_PASFU
P85517	BGL2_PASFU
P85840	VA5_TITSE
P85842	VMXP_TITSE
P85843	AMY_TITSE
P85860	VA_PHOKE
P85895	TRFE_DRONO
P85903	RUBA_PSEMZ
P85906	AAT1_PSEMZ
P85909	EXPB1_PSEMZ
P85910	ASSY_PSEMZ
P85911	ACT1_PSEMZ
P85918	METE_PSEMZ
P85920	MDH_PSEMZ
P85924	EXG_PSEMZ
P85926	BZIP_PSEMZ
P85928	NU5C_PSEMZ
P85929	NDK1_PSEMZ
P85930	NDK2_PSEMZ
P85931	SAT_PSEMZ
P85932	HSP81_PSEMZ
P85940	APX_PSEMZ
P85945	H4_PSEMZ
P85949	PGK_PSEMZ
P85950	IFRH2_PSEMZ
P85951	AAT2_PSEMZ
P85954	G3PC_PSEMZ
P85955	DRE1_PSEMZ
P85962	RLA2_PSEMZ
P85964	TPSD1_PSEMZ
P85976	PER9_CYCRE
P85977	ZNFP_CHLAE
P85980	A1BG_RABIT
P85983	BETA1_BETVU
P85984	PROF_BETVU
P85985	SPTN1_CAPHI
P85994	PER2_VITVI
P85995	PER6_VITVI
P85996	PER3_SOLLC
P85998	PER4_SOLLC
P85999	PER1_CAPAN
P86000	PER2_CAPAN
P86001	PER3_CAPAN
P86002	PER4_CAPAN
P86003	PER5_CAPAN
P86004	PER6_CAPAN
P86005	AMY_CAPAN
P86006	PER7_CAPAN
P86007	PER8_CAPAN
P86008	PER9_CAPAN
P86014	PER1_VITVI
P86015	PER3_VITVI
P86051	FIBR_GANLU
P86054	PER1_DAUCA
P86055	PER2_DAUCA
P86056	PER3_DAUCA
P86057	PER4_DAUCA
P86058	PER5_DAUCA
P86062	PER6_DAUCA
P86063	PER7_DAUCA
P86064	PER8_DAUCA
P86066	PER9_DAUCA
P86067	PER10_DAUCA
P86071	TALDO_CAPAA
P86072	AMY1_CAPAA
P86073	AGAL_CAPAA
P86074	MDHM_CAPAA
P86075	PME_CAPAA
P86078	CHI1_CAPAA
P86079	CHI2_CAPAA
P86080	E13B_CAPAA
P86081	CHI1_CAPCH
P86082	CHI2_CAPCH
P86084	AMY1_CAPCH
P86088	AMY2_CAPCH
P86089	AMY3_CAPCH
P86090	AMY4_CAPCH
P86102	E13B_VITRO
P86106	KAX6Y_OPICY
P86107	VP02_OPICY
P86109	VP04_OPICY
P86111	VP05_OPICY
P86114	VP08_OPICY
P86117	TX3_OPICY
P86118	VP01_OPICY
P86119	PA21_OPICY
P86172	NMRL1_RAT
P86175	DNAK_ANASL
P86199	3HIDH_MESAU
P86201	QCR1_MESAU
P86208	TCPA_MESAU
P86217	NDUS3_MESAU
P86230	TEKT3_MESAU
P86237	HS71L_MESAU
P86238	ODPX_MESAU
P86240	FAHD2_MESAU
P86244	KAP0_MESAU
P86245	TCPB_MESAU
P86248	MIC60_MESAU
P86251	EFTU_MESAU
P86274	HYAL_PHOKE
P86277	BIOR_THESB
P86331	AMY_BACSP
P86333	NLTP_MUSAC
P86348	ALPH_DEIAC
P86349	EFGC_ARAHY
P86354	VIRE2_HELVI
P86355	CANHY_HELVI
P86357	IDGF_HELVI
P86359	ATT_HELVI
P86370	PA63J_BUBBU
P86371	PAG62_BUBBU
P86373	PA73B_BUBBU
P86374	PA61C_BUBBU
P86385	DEFB_DRONO
P86417	NLTP3_SOLLC
P86462	BDS78_BUNCN
P86463	BDS52_BUNCN
P86464	BDS21_BUNCN
P86466	TX9A0_BUNCN
P86468	TX150_BUNCI
P86469	TX156_BUNCN
P86470	BDSV_BUNCI
P86517	PA2_CARAE
P86528	CBP3_MOROL
P86529	PA21_DABRR
P86530	VSP1_DABRR
P86531	VSP2_DABRR
P86532	VSP4_DABRR
P86533	LEC1_DABRR
P86534	LEC2_DABRR
P86537	CRVP_DABRR
P86539	3SA3A_NAJNA
P86542	PA23_NAJNA
P86543	CRVP1_NAJNA
P86544	3SO8_NAJNA
P86549	ISOTI_SPIOL
P86599	FIBS_EUPSU
P86681	LFXI_HAEDE
P86694	SAMP_ANALU
P86695	SAMP_HIPHI
P86699	KARG_CHIOP
P86700	ACT_CHIOP
P86708	LAXP_EUGDY
P86730	PWAP_HALAI
P86733	KCP_HALAI
P86735	UP2_HALAI
P86736	DGRP_HALAI
P86737	UP3_HALAI
P86739	PRVB1_MACMG
P86740	PRVB3_MACMG
P86742	PRVB3_MACNO
P86744	PRVB1_MACNO
P86746	PRVB4_MERAA
P86751	PRVB3_MERAP
P86754	PRVB4_MERBI
P86755	PRVB3_MERCP
P86758	PRVB3_MERGA
P86760	PRVB4_MERGA
P86763	PRVB3_MERHU
P86767	PRVB4_MERME
P86770	PRVB3_MERPA
P86772	PRVB3_MERPO
P86776	PRVB3_MERPR
P86777	PRVB3_MERSE
P86781	AMARY_AMABE
P86796	AFPR2_CUCMA
P86807	PHNHY_PENOX
P86829	APL3_MELSA
P86830	AAE_RAUVE
P86838	NLTP_CANSA
P86853	MYT1_MYTGA
P86856	MANL_MYTCA
P86857	AGP_MYTCA
P86861	FND_MYTCA
P86889	MEFA_ENTFL
P86911	AT2A_CHIOP
P86920	AFP1_ARAHY
P86930	KTI1_XANSA
P86931	AVPL_EISFE
P86940	IP2_AGASP
P86953	ELDP1_PINMA
P86966	GRP1_PINMA
P86979	ALDOA_THUAL
P86980	ALDOA_GADMO
P86982	IMSP1_RUDPH
P86991	VP_RHOJU
P87393	DLX2_ELECQ
P87394	DLX4_ELECQ
P90513	PSA3_ACACA
P91607	PER_DROCP
P91613	PER_DROIN
P91686	PER_DRONE
P91698	PER_DROPV
P91705	PER_DROSC
P91716	PER_DROTP
P91754	ACT_LUMRU
P91759	ALF_LYMST
P92203	PER_DROEQ
P92230	NU5C_AVEFA
P92248	NU5C_BRAPI
P92251	NU5C_BRASY
P93124	MPAG3_DACGL
P93248	MALB_MAAAM
P93371	ACT5_TOBAC
P93372	ACT4_TOBAC
P93373	ACT3_TOBAC
P93374	ACT2_TOBAC
P93375	ACT7_TOBAC
P93376	ACT6_TOBAC
P93377	RS14_TOBAC
P93538	LECB_STYJP
P93584	ACT9_SOLTU
P93585	ACT4_SOLTU
P93586	ACT2_SOLTU
P93587	ACT1_SOLTU
P93779	RL5_SOLME
P94456	KDPA_GEOSE
P94688	RL21_PROVB
P94689	RL27_PROVB
P94693	DSVA_MEGG1
P94799	RL3_AGGAC
P95607	CATA_RHOOP
P95694	DNAJ_STRAG
P95715	FLIG_SHIBO
P96132	THIO_THIRO
P96158	MALI_VIBFU
P96314	RF2_CYTFI
P96457	DNAJ1_STRAL
P96513	AMYB_CYTFI
P96955	RECA_NEIPO
P97195	RECA_NEILA
P97400	LEG10_MOUSE
P97516	TEF_PHOSU
P98185	RIP1_SAPOF
P98190	MBP_CAROB
P99501	COX5A_CANLF
Q00040	UL52_EHV4
Q00053	GALM_LACHE
Q00241	NIFU_LEPBY
Q00334	PG079_VACCP
Q01087	VAT_CAMVW
Q01157	GRW10_SOLLC
Q01265	YHYA_PSESN
Q01266	YHYC_PSESN
Q01336	YCR2_PSEVU
Q01414	ERG_LYTVA
Q01444	RNY_MYCMY
Q01688	IMP3_PNECA
Q01697	EFG_THEAQ
Q01708	NOSD_PSEAI
Q01709	NOSR_PSEAI
Q01777	HUNB_LOCMI
Q01779	KRUP_MUSDO
Q01789	HUNB_PLADU
Q01790	HUNB_BRACO
Q01792	KRUP_BRACO
Q01793	KRUP_TRICA
Q01797	ESCA_CALVI
Q01798	ESCA_ORYLA
Q01799	ESCA_BRACO
Q01800	ESCA_TRICA
Q01871	KRUP_EUSPL
Q01872	KRUP_LITFO
Q01936	LACI_RHIRD
Q02026	ESCA_PHOPA
Q02027	ESCA_PSYCI
Q02029	HUNB_EUSPL
Q02030	HUNB_LITFO
Q02031	HUNB_PHOPA
Q02032	HUNB_PSYCI
Q02033	HUNB_SCHLA
Q02034	KRUP_PHOPA
Q02035	KRUP_PSYCI
Q02243	WIN_SOYBN
Q02342	CDC25_LACKL
Q02347	RECA_LACDE
Q02348	RECA_LACHE
Q02349	RECA_LEUME
Q02814	HMD2_CHICK
Q02855	EFTS_ANTSP
Q02857	YCF24_ANTSP
Q03196	CYT_SOLTU
Q03269	PO11_NASVI
Q03270	PO12_NASVI
Q03271	PO13_NASVI
Q03272	PO14_NASVI
Q03273	PO21_POPJA
Q03274	PO22_POPJA
Q03275	PO24_POPJA
Q03276	PO11_POPJA
Q03277	PO11_BRACO
Q03278	PO21_NASVI
Q03279	PO21_BRACO
Q03284	URE1_ECOLX
Q03286	UREF_ECOLX
Q03293	PER_DROAN
Q03294	PER_DROIM
Q03295	PER_DROMO
Q03296	PER_DRORO
Q03342	ACT3_ECHGR
Q03367	PSBF_CAPAN
Q03423	B2MG_ORENI
Q03444	DNBI_EHV1
Q03975	LPS1B_LYTPI
Q04158	R1AB_CVPR8
Q04281	HOX71_XENLA
Q04504	LA_RABIT
Q04535	PER_DROMS
Q04536	PER_DROSA
Q04537	PER_DROSR
Q04714	B2MG_MUSSP
Q04874	OPAB_NEIGO
Q04875	OPAG_NEIGO
Q04876	OPAA_NEIGO
Q04878	OPAE_NEIGO
Q04879	OPAF_NEIGO
Q04880	OPAK_NEIGO
Q04881	OPA68_NEIGO
Q04883	OPAD_NEIGO
Q04885	OPA65_NEIGO
Q04938	PTSB_LACLL
Q04965	CAPSH_ADE01
Q04966	CAPSH_ADE06
Q05033	OPA66_NEIGO
Q05034	OPA67_NEIGO
Q05055	CALM_TETTH
Q05109	VA5_POLAN
Q05118	PO23_POPJA
Q05564	MALE_KLEPN
Q05945	HSP70_HYDOL
Q06012	CHIA_ARAHY
Q06013	CHIB_ARAHY
Q06014	CHI2_ARAHY
Q06016	CHI4_ARAHY
Q06059	NU6M_ANAPL
Q06085	TYDC1_PETCR
Q06225	BDNF_MACMU
Q06544	CYSP3_OSTOS
Q06727	UVSX_BPT2
Q06728	UVSX_BPT6
Q06837	BNP_NICSY
Q06841	NO75_LUPLU
Q07264	ADH1_ZEALU
Q07333	IAPP_LEPEU
Q07334	IAPP_RABIT
Q08066	RL19_MAIZE
Q08068	RS20_MAIZE
Q08080	HSP7S_SPIOL
Q08084	NU6M_ALBTU
Q08324	FMKH_MICOL
Q08329	RSMI_MICOL
Q08513	NTP1_SWPVK
Q08599	ERFK_KLEAE
Q08784	RECA_ACEAC
Q08810	IF2C_GALSU
Q08821	HXA1_XENLA
Q09095	AVEA_AVESA
Q09097	AVEF_AVESA
Q09115	DHE3_PYRWO
Q09129	ILVB_KLEAE
Q09135	RO40_ARTSA
Q0N4U6	CJE2_CONPO
Q0Q027	DFP4_ANTMY
Q0UI06	ELCE_PHANO
Q0VA61	HYOU1_XENTR
Q0VKG9	PLS7_PITAZ
Q10722	AFP_ENGPE
Q10735	PEPB_PIG
Q10753	CEAB_RAT
Q10985	BFRH_ABSSP
Q10986	BFRL_ABSSP
Q10997	SPI_HALRO
Q15B89	S35DL_PIG
Q17107	AV71_ACAVI
Q17285	PER_BERVA
Q17UZ0	DISTL_PITAZ
Q1W3A5	CASP1_STRAF
Q1ZYW0	VNPB_CRYNI
Q1ZYW1	VNPA_CRYNI
Q23688	FCA1_CRIFA
Q24399	MLC1_DROMA
Q24656	MLC1_DROSE
Q24695	MLC1_DROTE
Q24733	ACT_DICVI
Q24766	MLC1_DROYA
Q25020	PER_HYACE
Q25109	PER_HIRPI
Q25206	PER_DROPI
Q25214	SCAL_JUNCO
Q25221	PER_LOXAL
Q25381	ACTM_LYTPI
Q25435	PER_MUSDO
Q25451	UBX_MUSDO
Q25478	PER_MANSE
Q25515	KRUP_MANSE
Q26005	RESA_PLAFP
Q26231	PER_RHACO
Q26287	PER_DROTE
Q26288	PER_DROER
Q26289	PER_DROOR
Q26327	DAFT_TRYCR
Q26418	OLF3_APILI
Q26419	OLF1_APILI
Q26420	OLF2_APILI
Q26421	OLF9_APILI
Q26487	EF1A_SPOFR
Q26496	MTB_SPHGR
Q26497	MTA_SPHGR
Q26571	IF5A_SCHMA
Q26600	SMOX1_SCHMA
Q26602	SMOX3_SCHMA
Q26605	SMOX6_SCHMA
Q26612	PER_SYRPI
Q26657	ALX_STRPU
Q26755	GM6_TRYBG
Q26891	IF5_TRICA
Q27017	B1_TENMO
Q27018	B2_TENMO
Q27135	PER_ZAPTU
Q27176	T4C_PARTE
Q27707	SYI_ANTLO
Q27976	CALD1_BOVIN
Q27Q53	TX4_LOXIN
Q28103	MFAP3_BOVIN
Q28597	PLP2_SHEEP
Q28599	HXA5_SHEEP
Q28600	HXA7_SHEEP
Q28605	IAPP_SHEEP
Q28801	HPTR_PANTR
Q28902	COCA1_RABIT
Q28934	IAPP_SAGOE
Q29068	TCPG_PIG
Q29090	2ABA_PIG
Q29119	IAPP_PIG
Q29191	LITH_PIG
Q29218	K1C20_PIG
Q29236	TCPZ_PIG
Q29244	PIGR_PIG
Q29257	TSN31_PIG
Q29268	STXB2_PIG
Q29333	RL27A_PIG
Q29373	LEG2_PIG
Q29375	RL7A_PIG
Q29419	ZFY_PIG
Q2ET08	OSPF_SHIDY
Q2ET28	OSPF_SHIBO
Q2HBN1	CGHF_CHAGB
Q2XXL4	VESP_POGBA
Q2XXP2	CRVPA_VARVA
Q2XXP3	CRVP9_VARVA
Q2XXP4	CRVP_TRIBI
Q2XXP5	CRVP_TELDH
Q2XXQ0	CRVP_ERYPO
Q2XXQ1	CRVP_LEIMD
Q2XXQ7	CRVP8_VARAC
Q2XXQ8	CRVP7_VARAC
Q2XXQ9	CRVP6_VARAC
Q2XXR0	CRVP5_VARAC
Q2XXR1	CRVP4_VARAC
Q2XXR2	CRVP3_VARAC
Q2XXR3	CRVP2_VARAC
Q2XXR4	CRVP1_VARAC
Q2YEJ1	EFTU_FRUSA
Q31696	NU5M_ANOQN
Q33078	MATK_SAXCE
Q33119	MATK_SAXME
Q33134	MATK_SAXOP
Q33142	MATK_MICPT
Q33636	NU2M_ANOAL
Q33752	COX3_ARBLI
Q33753	NU5M_ARBLI
Q33756	NU1M_ARBLI
Q33845	COX3_ARTSA
Q34052	NU5M_CERCA
Q35242	COX3_ENTDO
Q35639	NU5M_PEA
Q35826	COX3_SPOFR
Q35832	NU5M_MESFR
Q36284	NU5M_MAIZE
Q37131	NU4LM_ONCMA
Q38055	CAPSH_BPT6
Q3BK15	DIDB_CERVI
Q3I3X0	GNKL_PICAB
Q3SAE5	VNPB_HOPST
Q3SAE6	VNPA_HOPST
Q3SAE7	VNPB_NOTSC
Q3SAE8	VNPA_NOTSC
Q3SAF0	VNPB_PSEPO
Q3SAF1	VNPA_PSEPO
Q3SAF2	VNPD_PSEAU
Q3SAF4	VNPB_PSEAU
Q3SAF5	VNPA_PSEAU
Q3SAX8	VNPD_OXYSC
Q3T186	RPIA_BOVIN
Q40592	RL10_TOBAC
Q40606	RR2_OCHNE
Q40962	MPA5A_PHLPR
Q41183	MPAG2_DACGL
Q41407	RBLL_SYMSP
Q41705	NO5_VICSA
Q41706	UPSA3_VIGUN
Q42362	RR8_MUSAC
Q42663	CFI_CALCH
Q43068	C82A1_PEA
Q43433	VATB2_GOSHI
Q43924	UBIB_AZOCH
Q44037	FER1_AFIFE
Q44078	CSPA_AERHY
Q44156	TOLB_ACTPL
Q44160	RS19_PRUAP
Q44161	RL22_PRUAP
Q44317	CSPA_AERSA
Q44558	PSD_AZOVI
Q44592	RS19_ASHYP
Q44593	RL22_ASHYP
Q44600	SOHB_BUCSC
Q44686	TRPB_BUCRM
Q44688	TRPB_BUCRP
Q45100	CSPE_BACCE
Q45105	TACY_BACCE
Q45758	CR6BA_BACTU
Q45RU7	CS_CONST
Q46051	CSPA_CITFR
Q46135	BCPA_CHLTI
Q46228	RS19_CLOPP
Q46229	RL22_CLOPP
Q46464	SYK_CAMUP
Q46490	RS19_CLYEP
Q46491	RL22_CLYEP
Q47279	HRPN_PECCC
Q47608	RL10_ENTCL
Q47826	YTUB_ENTAG
Q47881	RS19_ELYEP
Q47947	HPAA_HELAC
Q48244	HPAA4_HELPX
Q48259	HAP_HELPX
Q48412	ROMA_KLEPN
Q48433	ARAA_KLEPN
Q48445	YC19_KLEPN
Q48464	ELBB_KLEOX
Q48493	CSPA_KLEPN
Q48838	SDHA_LATSK
Q48878	RS19_LOWBP
Q48879	RL22_LOWBP
Q49178	MVHG_METFE
Q4VHK1	PHKR_MYCKA
Q50438	PQQC_METFL
Q50834	MFNF_METVA
Q50945	SYGB_NEIGO
Q50974	LEUD_NEIGO
Q50975	T2B5_NEIGO
Q51773	MERD_PSEFL
Q51853	SODC_MANHA
Q51929	CSPA_PHOLD
Q51946	NAHQ_PSEPU
Q52093	RS19_PPWBP
Q52094	RL22_PPWBP
Q52287	CSPA_PHOPO
Q52453	PYR5_PSETP
Q53391	FMK7_PSEAI
Q53513	NODC_RHITR
Q53683	YOE1_STRAT
Q53816	CSPA_SHIBO
Q53984	CSPA_STRDY
Q53B61	3NO2_OPHHA
Q54340	AMPG_STRLI
Q54428	RECA_SPIME
Q54HA4	GTAO_DICDI
Q56178	CSPA_SALVI
Q56251	RS19_TOBBP
Q56252	RL22_TOBBP
Q56347	DCTM_PARPN
Q56462	MAUR_PARVE
Q56578	DSBB_VIBAL
Q56715	RL6_VIBPR
Q56847	RS19_YEREN
Q56895	FLGD_YEREN
Q56922	CSPA_YEREN
Q59081	SODC_AGGAC
Q59136	CISY_RICC1
Q59198	CISY_BARDO
Q59258	CISY_BARTA
Q59592	RECA_NEIAN
Q59595	RECA_NEICI
Q59597	RECA_NEIFL
Q59629	RECA_NEIPH
Q59730	CISY_RICAK
Q59734	CISY_RICBE
Q59741	CISY_RICHE
Q59742	CISY_RICJA
Q59748	CISY_RICMA
Q59759	CISY_RICPA
Q59768	CISY_RICRH
Q59838	MDH_SALMU
Q5BQN5	WAP_SOLLC
Q5BX25	SJ965_SCHJA
Q5D228	T7406_ILLWI
Q5D229	T7418_ILLWI
Q5D230	T7390_ILLWI
Q5IAA6	D108B_PANTR
Q5K2P2	K1C15_PROAT
Q5MGH0	SPI3_LONON
Q5MJP3	SCX3_ANUPH
Q5MJP4	SCX2_ANUPH
Q5NVT2	ZN770_PONAB
Q5R4Y3	SIM43_PONAB
Q5R7K1	PHS2_PONAB
Q5R866	KLD7A_PONAB
Q5R9B3	CC186_PONAB
Q5RCW9	OTOGL_PONAB
Q60SZ2	MPV17_CAEBR
Q62953	MTR1L_RAT
Q63248	FOXI2_RAT
Q63249	FOXD4_RAT
Q63518	MYPC1_RAT
Q63556	SPA3M_RAT
Q646C4	TA2R7_PANTR
Q647G4	OL102_ARAHY
Q67402	NEP_INCMI
Q68IP5	CT54B_CONMR
Q68YP1	APLP_GALME
Q6DP36	NEP_I02A7
Q6H647	KN7B_ORYSJ
Q6IR75	CSN2_XENLA
Q6Q2W4	ZPBP1_CHICK
Q6T269	VKT3_BITGA
Q6X5S5	SL27_ECHOC
Q6X5S8	SL3_ECHCS
Q6ZZF5	OXR1_CYBJA
Q71RR0	SL9B3_TRIST
Q75S49	VKTH4_BUNCA
Q75WH1	TXPT6_MACGS
Q767L1	PRR3_PIG
Q7LZ26	XI_DEIAC
Q7LZT3	FIBA_TILRU
Q7M1G9	ALL2_ARTVU
Q7M1I4	CWP04_PHAVU
Q7M258	FER2_PEA
Q7M3I5	FIBA_ALCAA
Q7M3I6	FIBA_HALGR
Q7M3I7	FIBA_URSAR
Q7M3I8	FIBA_VOMUR
Q7M3I9	FIBA_MACGI
Q7M3P1	TXV1_PHONI
Q7M471	HR3_VESOR
Q7PCK7	XRRA1_BOVIN
Q7SZV0	SLA_GLOHA
Q7T2I1	3S110_LATLA
Q7T2I3	3L2L_LATLA
Q7WVD3	AQPZ_FLAJO
Q7Z097	I1BI_CONRA
Q7Z098	I1B5_CONRA
Q7Z099	I1B2_CONRA
Q7Z0A0	I1BV_CONRA
Q7Z0A3	I1BX_CONRA
Q7Z0A4	I1BW_CONRA
Q7Z0A5	I1BU_CONRA
Q7Z1K4	SCX8_CENLI
Q809J9	PA_I01A2
Q809K1	PA_I01A1
Q861X8	AMELY_PANTR
Q865V1	LATH_EQUQB
Q874A5	PACC_PENEN
Q88469	DPOL_ADET1
Q8GB99	TRUB_HELMO
Q8GCJ0	HUTP_BACCE
Q8GDU5	ARLY_HELMO
Q8GE08	RSMH_HELMO
Q8GF09	MUKF_EDWTA
Q8I8A2	TCTP_SCHHA
Q8J254	PACC_COLGL
Q8J256	PACC_PENEC
Q8L0Z4	DCHS_RAOOR
Q8LLE5	FPP_SOLLC
Q8MDU0	MATK_ABIBR
Q8NJK5	RGLA_ASPNG
Q8QHI2	MCR_CHICK
Q8SL87	PSBZ_EUGVI
Q8SL89	PSBZ_EUGST
Q8SL91	PSBZ_EUGMY
Q8SL93	PSBZ_EUGGA
Q8SL95	PSBZ_EUGAN
Q8SPZ1	GNRHR_MACMU
Q8VII0	FRMD6_RAT
Q8VRZ1	HPPA_ANAMA
Q8VUP4	REX_STRSU
Q8WJR9	MATK_ARPGI
Q8WMG7	NLGNX_MACMU
Q8WMI6	NXPH1_MACMU
Q8WMJ4	NXPH3_MACMU
Q8WMJ7	NXPH4_MACMU
Q90115	OE66_NPVLD
Q90233	MYPC3_AMBME
Q90718	SRF_CHICK
Q91178	GPRX_ORYLA
Q91280	UGT3_PLEPL
Q91487	RL13A_SALTR
Q91518	CRYAB_TRASE
Q91X13	LEAP2_CAVPO
Q92097	GON3_ONCTS
Q92193	ACT_CRAVI
Q92260	HSP70_PENCI
Q93AR8	HPPA1_MYCDI
Q93AR9	HPPA2_MYCDI
Q93AS0	HPPA1_RHILT
Q93AS1	HPPA2_RHILT
Q93S26	KUP_RHITR
Q94425	SYIM_CIOIN
Q944Z5	AOP1V_ARATH
Q945T8	GIP3_PHYSO
Q94688	ALDH9_POLMI
Q94793	RL11_TOXCA
Q95000	CHLE1_BRALA
Q95001	CHLE2_BRALA
Q95K27	GAR2_MACFA
Q95KI1	TB22A_MACFA
Q95KQ6	BCL9_PIG
Q95LL2	XRRA1_MACFA
Q95LY5	TTC12_MACFA
Q95WA2	TCTP_SCHMA
Q96353	MT2_BRANA
Q96451	1433B_SOYBN
Q96474	ALB1_LUPAN
Q96481	ACT4_SOLLC
Q96482	ACT1_SOLLC
Q96483	ACT2_SOLLC
Q96484	ACT3_SOLLC
Q96623	CAPSP_ADEB2
Q98913	OLF8_CHICK
Q98914	OLF9_CHICK
Q99069	GRP1_SORBI
Q99282	H12E_PARAN
Q99283	H13E_PARAN
Q99PE3	P2RY2_MERUN
Q9AH17	SOPB_SALBN
Q9AH18	SOPB_SALHO
Q9AH19	SOPB_SALDZ
Q9AIX9	SCA4_RICAK
Q9AJ64	SCA4_RICAU
Q9AJ75	SCA4_RICPA
Q9AJ77	SCA4_RICSI
Q9AJ80	SCA4_RICSL
Q9AJ81	SCA4_RICRH
Q9AJ82	SCA4_RICSM
Q9AMC5	RBLL_CHLTI
Q9APC2	NIFJ_NOSSO
Q9BAC7	PSBY_FUCVE
Q9BE53	P2Y13_MACFA
Q9BE70	GANC_MACFA
Q9BP43	CM34_CONPE
Q9BP44	CM401_CONAE
Q9BP45	M233_CONPE
Q9BP46	CT55_CONTS
Q9BP47	CT54_CONAE
Q9BP50	O3628_CONAE
Q9BPB3	CUU2_CONTE
Q9BPC0	O26X_CONTS
Q9DDD5	NBEA_CHICK
Q9DFI0	DMT3B_DANRE
Q9DGM7	MVP_ICTPU
Q9EQI6	IL17B_MESAU
Q9EXI9	NFUA_KLEPN
Q9F297	IHFA_NEIGO
Q9F9L1	ALR_PISSA
Q9FRT8	ALB1_VIGRR
Q9FRT9	ALB1_PHAAN
Q9GKW8	AND1A_MACFA
Q9GL23	APAF_CANLF
Q9I8H3	VATF_XENLA
Q9L6I2	HIS8_THIRO
Q9L9D4	YBHG_ACIFI
Q9LCQ6	GRPE_BRECH
Q9LCR5	LEUD_PAEPO
Q9LD79	PRR3_JUNVI
Q9LLA7	AP32_ASAEU
Q9MBC1	3AT_PERFR
Q9MSV6	MATK_CHALA
Q9MYV9	TRPC5_BOVIN
Q9N669	O169_CONEA
Q9N6A4	O161_CONEA
Q9NBJ7	RL10A_CAERE
Q9NJP2	NACH_DROVI
Q9P836	RL37_CANAX
Q9P8G9	PACC_COLSU
Q9PRQ2	3SX1_MICNI
Q9PRQ3	3SX3_MICNI
Q9PRQ4	3SX4_MICNI
Q9PRR0	SMS_LAMFL
Q9PRT7	PA2H4_BOTAS
Q9PS05	SL9A_BOTJA
Q9PS08	3SE_DENAN
Q9PS09	3SOBB_DENAN
Q9PSJ0	MYCN_DANRE
Q9PTA2	IVBL_BUNMU
Q9QUK5	HSPB7_RAT
Q9R4J4	ASPN_PSEFR
Q9R4N6	RL30_PSEPU
Q9R4N7	RL30_PSEFA
Q9R4N9	RL32_BREVE
Q9R4P2	RS20_BREVE
Q9R4P3	RL30_BREVE
Q9R4P5	RL24_BREDI
Q9R4P7	RS20_BREDI
Q9R4P8	RL30_BREDI
Q9R5C6	LC3_BACIU
Q9R5H8	GVPA_DACSA
Q9R5K5	CH60_DELAC
Q9R5V7	RL31_PSEME
Q9R5V9	RL30_PSEME
Q9REJ6	RECA_PAEAU
Q9RER2	SOPB_SALBL
Q9RPD4	MCH_METTR
Q9RPW2	MCH_METRU
Q9RPW3	MCH_METTO
Q9RPW4	MCH_METAL
Q9RPW5	MCH_METME
Q9RPW6	MCH_HYPME
Q9RQZ7	RPOB_MYCPR
Q9S8T0	LECB4_ARTIN
Q9S8T1	LECB1_ARTTO
Q9SBV6	CYCLD_ANTLN
Q9SBV9	CYCLD_ANTCI
Q9TR28	CX7A1_SHEEP
Q9TR29	CX7A2_CANLF
Q9TR30	CX7A2_SHEEP
Q9TRZ8	CX7A1_CANLF
Q9TSV3	CCHCR_PIG
Q9TTB4	FMOD_PIG
Q9TUI4	KCNH2_PIG
Q9TVF6	O16D_CONLI
Q9TVF7	O16C_CONLI
Q9TVK3	O16F_CONAB
Q9TVN1	O16A_CONLI
Q9TVQ6	O16N_CONAB
Q9TVQ7	O16O_CONAB
Q9TVR4	O16I_CONAB
Q9TVU1	O16C_CONAB
Q9TVX4	O16G_CONAB
Q9TVY1	O16A_CONAB
Q9TW08	O16B_CONLI
Q9TWR5	TXV2_PHONI
Q9UA71	O16K_CONAB
Q9UA72	O16M_CONAB
Q9UA83	O16B_CONAB
Q9UA85	O16E_CONAB
Q9UA86	O16L_CONAB
Q9UA91	O16D_CONAB
Q9UA93	O16J_CONAB
Q9UA95	O16H_CONAB
Q9UAB2	O17B_CONLI
Q9URB1	PEM5_PHACH
Q9V2T3	THSB_DESMO
Q9WIB9	P0_BWYVG
Q9X450	FABI_RHIML
Q9X520	RL11_KITAU
Q9X5W6	MOAC_RHOCA
Q9XD73	NRDJ_STRCT
Q9XDM1	RL1_AQUPY
Q9XEK9	IF2C_EUGGR
Q9XYP3	IF6_TRYCR
Q9XZE6	ECLH_ROMMI
Q9Y0H7	RL37A_MYXGL
Q9Y1C1	EMAP_LYTVA
Q9Y8J3	RL10_METVO
Q9YGA3	MTBC_METTE
Q9YH98	EYA4_CHICK
Q9ZEU5	RS7_APPPP
Q9ZI43	RL16_AQUPY
Q9ZIV1	DNAK_MEGEL
V5I2G9	E1172_IXORI
V5I3C5	E1174_IXORI
B3A0P4	USP26_LOTGI
B3EWI5	AMP1_CENMR
B3EWI6	AMP2_CENMR
B3EWI8	AMP3_CENMR
B3EWP9	NLTP_FOEVU
B3EWZ4	SAP2_ACRMI
B3EX00	USOM1_ACRMI
B3EX02	MFP1_ACRMI
B7T7N1	MFP2_ACRMI
B7W114	CTXL_ACRMI
B8UU74	USOM4_ACRMI
C0HJA5	LV1_SCHML
C0HJB6	PR1_FOEVU
C0HJD1	FETUA_DAMDA
C0HJG5	FLA_JATCU
C0HJG6	NLTL_JATCU
C0HJG7	LYM_JATCU
C0HJJ9	T9797_TITSE
C0HK96	Y0001_OLEEU
C0HKC0	PMLN_PUNGR
C0HLM7	UP01_ELAGV
C0HM37	IAA1_SAUCO
C0HM38	IAA2_SAUCO
C0HM46	KTI1_SELUD
C0HM47	KTI1_SELCO
C0HM49	PEP2_CROSI
C0HM89	CO1AB_EPICS
D6C4K6	U6G_CONCL
D9U2B3	KTXI_LYCMC
O02376	RL9_HAECO
O15602	ACTO_ENTHI
O34299	YZ2T_AGRVI
O96566	A37C_DROSI
O97391	ES30_TRICO
P00881	DC4C_PSEPU
P01804	HVM35_MOUSE
P02865	GDO_TRIMO
P02892	BAB3_BABBO
P03412	YPX1_BLVJ
P03413	YPX2_BLVJ
P03414	YPX3_BLVJ
P04481	YPCB_ECOLX
P04576	MIBP_PSESP
P04931	ARP_PLAFA
P05074	V29K_TRVTC
P05410	YNI2_METTL
P05443	YAT1_FUSBL
P05830	REPI_ECOLX
P07765	PF2L_PLAFP
P07778	YPQL_ACICA
P07783	YPQR_ACICA
P08016	EGGS_SCHMA
P08116	PVA_PLAFA
P08229	VLYS_BPM1
P08230	VLYS_BPOX2
P08975	LH15_EUGGR
P09005	SPI21_RAT
P09125	MSP8_EIMAC
P0A178	YCLC_PSEKB
P0C6P4	OMP7_STAAU
P0CAR6	NXLF1_MICPY
P0CH76	HN728_CYRHA
P0CH78	HN835_CYRHA
P10164	PRP2_RAT
P11459	RHOA_PLAFA
P11735	CU30_LOCMI
P11737	CU36_LOCMI
P11817	E417_ADE03
P12808	TPM_PICAN
P13004	YLYS_BPPHV
P13161	UL24_FHV1
P13411	MA5D_SCHJA
P13523	MA8C_SCHJA
P13722	CBAL_GEOSE
P13960	REA1_ECOLI
P14201	BAB4_BABBO
P14500	YMUC_SALTM
P14510	KANR_RHIRD
P14587	YDH1_PLAFS
P14588	YDH2_PLAFS
P14589	YDH3_PLAFS
P14592	24KD_PLACH
P15016	YAT3_RHORU
P15534	SCR3_NOTGO
P15799	C170_GIAIN
P15858	EMS_APIME
P16085	YBGL_BUTFI
P16101	CHOX_ALCSP
P16121	HSP70_LUPPO
P17138	HMA2_HELTR
P17436	NIFZ_RHOCA
P17828	FIMBA_DICNO
P17829	FIMBB_DICNO
P17830	FIMBC_DICNO
P17831	FIMBE_DICNO
P17832	FIMBF_DICNO
P17833	FIMBG_DICNO
P18689	PRO1_DACGL
P18690	PRO3_DACGL
P19574	DHF5_ERWCI
P19617	45KD_TAEOV
P19986	ITHA_PERAM
P20139	PEP1_THUOR
P20141	PEP3_THUOR
P20190	YT55_STRFR
P20242	OMP1_AGGAC
P20298	YORX_PYRWO
P20301	APRN_ENTHI
P20467	YPUB_BLAVI
P20745	Y144_ADEG1
P20771	YNHA_RHOER
P20775	YPUB_KLEPN
P20837	VTTA_BPT3
P20925	YFRA_PROVU
P21162	CAAP_MICEC
P21212	YLC7_YEREN
P21260	YPRO_OWEFU
P21481	YCEB_CALSA
P21794	HIP70_RAT
P22042	YTR2_SPIAU
P22080	ONCA_HYDTA
P22081	ONCB_HYDTA
P22296	YHV4_LACHE
P22581	YPRB_SERMA
P22587	VG16_BPP1
P22597	MB43_EHV4
P22644	YDH2_XANAU
P22898	MOBA_ACIFR
P22991	YHV1_LACHE
P23140	YPE3_RHORU
P23251	CR1_HORVU
P23252	CR2_HORVU
P23320	PSAX_THEVL
P23555	YXYC_CALSA
P23822	YAML_STRVL
P23918	YMES_GEOSE
P23985	YTK3_ILTVT
P24124	YVPX_LDV
P24431	UL21_EHV4
P24620	YGRM_MICEC
P24621	YGRM_MICRO
P24845	YSP2_LEPIR
P25124	YSC1_THETH
P25408	TGTL_PLAFA
P25768	YNI1_METIV
P25769	YNI3_METTL
P25825	YBFR_AZOVI
P26415	NO14_PEA
P26837	YPS1_ECOLX
P26880	YPA1_LEGPN
P26881	YPA2_LEGPN
P27097	YAC2_METSH
P27509	YPQQ_KLEPN
P27642	SP51_BACLI
P27712	YFIB_SPICI
P28487	ADHR_DROYA
P28753	YQGE_BACCA
P28848	VMF6_MYXVU
P29088	YSO4_ACIAM
P29231	YVLP_MESHY
P29298	YCPW_PSETP
P29306	1433X_MAIZE
P29308	1433_SPIOL
P29470	YLA1_LACAI
P29697	17KD_RICCA
P29714	YBP2_KITAU
P29718	YCEA_PAELA
P29735	YCPG_MASLA
P29852	MALX_KLEPN
P29893	PG062_VACCP
P29902	YMOX_PARDE
P29969	YCY2_PARDE
P30160	YCF43_DICDH
P30220	HS30E_XENLA
P30325	Y066_NPVLD
P30428	YANA_BACLI
P30541	YGLB_BUTFI
P30791	YHI4_RHOCA
P31047	YLP1_PSEPU
P31050	YNG1_AZOBR
P31730	OV39_ONCVO
P31849	YTA1_PSEAJ
P31998	POLG_GSMV
P32012	YDRB_STRPE
P32371	BAII_CLOSV
P32438	YPOL_THETH
P32812	YGL1_GEOSE
P32968	YPNL_PECCC
P32986	YBP2_ACIAM
P33111	YADK_MICLU
P33403	CYSP_TRIFO
P33404	CYSP_TRIVA
P33405	28KD_TRIFO
P34735	YLU2_PICAN
P34938	UE15_HORVU
P35664	YGS2_ANACE
P35675	YGAE_ERWAM
P36352	POLR_PHMV
P36577	ARRD_RAT
P37102	CBBA_NITVU
P37125	CGHR_STEMA
P37148	FXSA_SERMA
P37200	ARRE_RAT
P37863	RECX_AZOVI
P37865	RECX_METME
P38003	UXA2_CHLT2
P38005	UXA4_CHLT2
P38007	UXA6_CHLT2
P38437	YMIA_RHIRD
P38639	UF01_MOUSE
P38640	UF02_MOUSE
P38641	UF03_MOUSE
P38642	UF04_MOUSE
P38643	UF05_MOUSE
P38644	UF06_MOUSE
P39673	MAG_DERFA
P39908	YLPA_DICNO
P40665	CH01_CHICK
P40666	CH02_CHICK
P40667	CH03_CHICK
P40668	CH04_CHICK
P40669	CH07_CHICK
P40670	CH31_CHICK
P40671	CH32_CHICK
P40690	ALKE_BABBO
P40820	VG09_BPP1
P40983	YOR6_CALSR
P41122	YPNP_PHOLU
P41369	YIL1_STAAU
P41370	YIL2_STAAU
P42017	YFLA_METVO
P42021	YPE2_LACLC
P42022	YPE4_LACLC
P42518	YARQ_ENTAG
P43167	YMP4_STRCH
P43388	YDCM_METLD
P43479	CGKB_PSEVC
P43520	YFMT_THETH
P43521	YDEF_THETH
P45368	YPH4_THIVI
P45462	YEBE_YEREN
P45625	YGLN_BACCE
P46366	XYLC2_ACIGI
P48843	YBAB_NIACI
P49320	YBP1_KITAU
P49322	YCP1_STRLI
P49324	YBUB_NIACI
P49694	YPKW_THECU
P50184	YDSM_DACSA
P51072	RJ21_FRAAN
P51073	RJ39_FRAAN
P52064	YPI4_VIBAL
P52622	FLIV_YEREN
P52629	FLIZ_YEREN
P54186	D1_ONCVO
P54187	D2_ONCVO
P54188	D3_ONCVO
P55224	FF21_SALEN
P55237	YGLB_BACCL
P55767	YLXQ_GEOSE
P55804	DHGP_ASPNG
P55815	YCCA_BACP3
P55938	HSP71_LEITA
P56167	MPA54_PHAAQ
P56506	YOAH_KLEAE
P56535	UHA3_CANLF
P56572	UH03_RAT
P56573	UH05_RAT
P56575	UH09_RAT
P56576	UH11_RAT
P59834	NIFW_KLEOX
P60950	YSUP_LACDL
P69203	RPC2_BPP21
P70911	FLGC_BORHE
P80072	MALT_BACTQ
P80149	PRP_MYCBP
P80166	23KD_GEOSE
P80173	48KD_BACCE
P80243	GS09_BACIU
P80326	KT395_PICKL
P80437	HPAA_STRGD
P80438	12KD_MYCSM
P80486	CHP_THIDL
P80487	HHP_THIDL
P80488	CLP_THIDL
P80501	MMPX_SOLTU
P80510	HC3S_ACIFR
P80514	HR83_TRITO
P80526	NEJ2_FASHE
P80552	NCP_PIG
P80554	BULB_NARPS
P80580	MHBI_KLEPN
P80609	UC03_MAIZE
P80610	UC04_MAIZE
P80611	UC05_MAIZE
P80612	UC06_MAIZE
P80613	UC07_MAIZE
P80614	UC08_MAIZE
P80615	UC09_MAIZE
P80617	UC11_MAIZE
P80618	UC12_MAIZE
P80620	UC14_MAIZE
P80621	UC15_MAIZE
P80622	UC16_MAIZE
P80623	UC17_MAIZE
P80624	UC18_MAIZE
P80625	UC19_MAIZE
P80626	UC20_MAIZE
P80627	UC21_MAIZE
P80628	UC22_MAIZE
P80629	UC23_MAIZE
P80630	UC24_MAIZE
P80631	UC25_MAIZE
P80632	UC26_MAIZE
P80633	UC27_MAIZE
P80634	UC28_MAIZE
P80635	UC29_MAIZE
P80636	UC30_MAIZE
P80637	UC31_MAIZE
P80638	UC32_MAIZE
P80640	UC34_MAIZE
P80641	UC35_MAIZE
P80642	UC36_MAIZE
P80693	MAJE_PSESI
P80694	PSI1_PSEFL
P80699	VEG6_BACIU
P80751	CWP01_DAUCA
P80752	CWP02_DAUCA
P80753	CWP03_DAUCA
P80754	CWP04_DAUCA
P80755	CWP05_DAUCA
P80756	CWP06_DAUCA
P80757	CWP07_DAUCA
P80758	CWP08_DAUCA
P80759	CWP09_DAUCA
P80764	CWP05_PHAVU
P80765	CWP06_PHAVU
P80766	CWP07_PHAVU
P80767	CWP08_PHAVU
P80768	CWP09_PHAVU
P80769	CWP10_PHAVU
P80770	CWP11_PHAVU
P80771	CWP12_PHAVU
P80772	CWP13_PHAVU
P80773	CWP14_PHAVU
P80775	CWP16_PHAVU
P80776	CWP17_PHAVU
P80777	CWP18_PHAVU
P80778	CWP01_TOBAC
P80779	CWP02_TOBAC
P80780	CWP03_TOBAC
P80781	OLP_TOBAC
P80782	CWP05_TOBAC
P80783	CWP06_TOBAC
P80784	CWP07_TOBAC
P80785	CWP08_TOBAC
P80786	CWP09_TOBAC
P80787	CWP10_TOBAC
P80788	CWP11_TOBAC
P80789	CWP12_TOBAC
P80792	CWP15_TOBAC
P80793	CWP16_TOBAC
P80795	CWP18_TOBAC
P80796	CWP19_TOBAC
P80797	CWP20_TOBAC
P80798	CWP01_SOLLC
P80799	CWP02_SOLLC
P80802	CWP05_SOLLC
P80803	CWP06_SOLLC
P80804	CWP07_SOLLC
P80805	CWP08_SOLLC
P80806	CWP09_SOLLC
P80807	CWP10_SOLLC
P80808	CWP11_SOLLC
P80809	CWP12_SOLLC
P80810	CWP14_SOLLC
P80811	CWP15_SOLLC
P80812	CWP16_SOLLC
P80813	CWP17_SOLLC
P80814	CWP18_SOLLC
P80815	CWP19_SOLLC
P80816	CWP20_SOLLC
P80817	CWP21_SOLLC
P80818	CWP22_SOLLC
P80819	CWP23_SOLLC
P80820	CWP24_SOLLC
P80821	CWP25_SOLLC
P80822	CWP26_SOLLC
P80823	CWP27_SOLLC
P80824	CWP28_SOLLC
P80825	CWP29_SOLLC
P80826	CWP02_ARATH
P80827	CWP03_ARATH
P80828	CWP04_ARATH
P80830	CWP06_ARATH
P80831	CWP07_ARATH
P80832	CWP08_ARATH
P80833	CWP11_ARATH
P80834	CWP12_ARATH
P80835	CWP13_ARATH
P80836	CWP14_ARATH
P80838	CWP17_ARATH
P80839	CWP18_ARATH
P80840	CWP19_ARATH
P80841	CWP20_ARATH
P80842	CWP21_ARATH
P80843	CWP22_ARATH
P80844	CWP23_ARATH
P80845	CWP24_ARATH
P80847	CWP27_ARATH
P80848	CWP28_ARATH
P80849	CWP29_ARATH
P80850	CWP30_ARATH
P80851	CWP31_ARATH
P80852	CWP32_ARATH
P80853	CWP09_ARATH
P80863	SOI5_BACIU
P80867	VG16_BACIU
P80968	SMBP_RAT
P81000	GVPC_SPICC
P81086	WSP7_PINPS
P81095	CSI5_BACIU
P81096	PC20_BRANA
P81106	UN01_PINPS
P81135	NS1_MYCTU
P81136	NS2_MYCTU
P81152	NS3_MYCTU
P81164	NODX_STRHE
P81285	OBPA_MAMBR
P81345	UN10_CLOPA
P81349	UN04_CLOPA
P81351	UN06_CLOPA
P81352	UN07_CLOPA
P81353	UN12_CLOPA
P81354	UN15_CLOPA
P81355	UN19_CLOPA
P81358	UN37_CLOPA
P81359	UN39_CLOPA
P81360	UN41_CLOPA
P81362	UN46_CLOPA
P81411	LPAA_PORGN
P81496	ALCC_WHEAT
P81532	MP1_MICOC
P81533	MP2_MICOC
P81621	CS21_STRTR
P81622	CSPS_STRTR
P81667	UN02_PINPS
P81671	CLPA_PINPS
P81672	HSP70_PINPS
P81673	UN04_PINPS
P81674	UN05_PINPS
P81675	UN06_PINPS
P81707	PLP_BRANA
P81758	ESL_LACCA
P81778	TL17_SPIOL
P81784	B29K_PORGN
P81826	MPAJ4_JUNVI
P81870	LEAH_PHAVU
P81886	B44K_PORGN
P81954	TLP1_GLECO
P81955	TLP6_GLECO
P81956	TLP5_GLECO
P81959	B31K_ONYPH
P82004	V25K_WSSV
P82005	V23K_WSSV
P82006	V14K_WSSV
P82202	UP04_BOMMO
P82206	UP08_BOMMO
P82207	UP09_BOMMO
P82208	UP10_BOMMO
P82212	UP14_BOMMO
P82217	UP19_BOMMO
P82218	UP20_BOMMO
P82219	UP21_BOMMO
P82221	UP23_BOMMO
P82222	UP24_BOMMO
P82257	ALL1_ASPFL
P82258	ALL2_ASPFL
P82259	ALL3_ASPFL
P82322	UT103_PEA
P82323	UT104_PEA
P82324	UT105_PEA
P82325	UT106_PEA
P82326	UT107_PEA
P82327	UT108_PEA
P82328	UT110_PEA
P82329	UT111_PEA
P82330	UT112_PEA
P82331	UT114_PEA
P82332	UT115_PEA
P82333	UT118_PEA
P82335	UT119_PEA
P82336	UT125_PEA
P82337	UT019_PEA
P82338	UT023_PEA
P82340	UT204_PEA
P82341	UT251_PEA
P82342	UT123_PEA
P82429	CWP21_TOBAC
P82430	CWP22_TOBAC
P82431	CWP23_TOBAC
P82432	CWP24_TOBAC
P82434	CWP26_TOBAC
P82435	CWP27_TOBAC
P82436	CWP28_TOBAC
P82437	CWP29_TOBAC
P82438	CWP30_TOBAC
P82440	CWP32_TOBAC
P82441	CWP33_TOBAC
P82442	CWP34_TOBAC
P82443	CWP35_TOBAC
P82444	CWP36_TOBAC
P82445	CWP37_TOBAC
P82446	CWP38_TOBAC
P82452	RL26_SPIOL
P82453	RL21_SPIOL
P82454	RL13A_SPIOL
P82537	TL1X_SPIOL
P82598	NGIF_RAT
P82648	ASP1_FRUSA
P82655	ASP2_FRUSA
P82657	TL11_SPIOL
P82671	TL09_SPIOL
P82681	TL13_SPIOL
P82682	TL14_SPIOL
P82796	TL22_SPIOL
P82799	TL19_SPIOL
P82856	UP01_TOBAC
P82865	HFN40_MAIZE
P82936	UEPW_HORVU
P82937	UEPB_HORVU
P82938	UEPC_HORVU
P82939	UEPL_HORVU
P82944	ALL1_PRUDU
P82947	ALL50_SOYBN
P82961	PRPR_MAIZE
P83010	13KDA_TRISC
P83011	13KDA_SCYCA
P83062	92KD_BACCE
P83064	34KD_BACCE
P83071	62KD_BACCE
P83072	26KD_BACCE
P83073	88KD_BACCE
P83090	TL20_SPIOL
P83092	TL33_SPIOL
P83151	OMPW_VIBAL
P83161	RBPA_ANASL
P83181	POA1_KALTU
P83199	FSP4_VULVU
P83201	FSP7_VULVU
P83204	PLAC_SHEEP
P83233	VTIN_ALOVR
P83315	GLCM1_LAMGL
P83329	CYNT_STRTR
P83330	M32_STRTR
P83331	PBP_STRTR
P83352	CU16D_LIMPO
P83356	CU16B_LIMPO
P83357	CU10_LIMPO
P83363	PL1_LUPLU
P83364	PL2_LUPLU
P83365	PL3_LUPLU
P83366	PL4_LUPLU
P83367	PL5_LUPLU
P83368	PL6_LUPLU
P83438	UP03_METAN
P83439	UP02_METAN
P83440	UP01_METAN
P83446	OM29_ACIBA
P83466	MPAO2_ORYSJ
P83477	APY3_PLECI
P83481	APYP3_PLECI
P83529	UP01_FRUSA
P83530	UP02_FRUSA
P83531	UP03_FRUSA
P83532	UP04_FRUSA
P83533	UP05_FRUSA
P83535	UP10_FRUSA
P83536	UP06_FRUSA
P83537	UP07_FRUSA
P83538	UP08_FRUSA
P83539	UP09_FRUSA
P83598	NF16_NAEFO
P83599	NL16_NAELO
P83600	NF45_NAEFO
P83602	NF05_NAEFO
P83678	PHAP_DELAC
P83711	U312_DELAC
P83713	WRBA1_ACICA
P83723	NF04_NAEFO
P83725	NF28_NAEFO
P83727	NF37_NAEFO
P83728	NF40_NAEFO
P83729	NF41_NAEFO
P83730	NF42_NAEFO
P83737	NF07_NAEFO
P83764	PB1_PROTR
P83765	PB2_PROTR
P83766	PB3_PROTR
P83767	BP2_PROTR
P83811	CAP_COPCM
P83854	GPCR_MOUSE
P83855	ACLP_MOUSE
P83885	ANIS4_ANISI
P83889	NF09_NAEFO
P83890	NF15_NAEFO
P83898	NF03_NAEFO
P83899	NF19_NAEFO
P83907	IGW3_HETFR
P83988	ARIN_CICAR
P84108	FLL1_GLUDI
P84158	CUCN_CUCMA
P84179	ABP1_PHYPO
P84200	GYMN_GYMCH
P84291	BPAP_BOVIN
P84525	ERYGN_PLEER
P84558	RK12_POPEU
P84560	GRP1_POPEU
P84564	TRXH_POPEU
P84565	CLPA_POPEU
P84580	SP1_POPEU
P84588	HSP7D_RAT
P84720	PS4_PINST
P84721	PS5_PINST
P84724	PS8_PINST
P84725	PS9_PINST
P84726	PS10_PINST
P84730	PS14_PINST
P84732	PS16_PINST
P84733	PS17_PINST
P84734	PS18_PINST
P84735	PS19_PINST
P84764	RL33_PSEME
P84767	RL32_PSEME
P84852	LASI1_LUPAL
P84876	SPF1_GLOHY
P84877	SPF2_GLOHY
P84972	1433_POPEU
P84974	JMJC_POPEU
P84975	ZFCOL_POPEU
P84977	GRP3_POPEU
P84978	GLP1_POPEU
P84979	ABP_POPEU
P84980	JIPH_POPEU
P84985	GDSLH_POPEU
P84986	STBP1_POPEU
P85096	RUBU_RUBID
P85198	UP01_LONON
P85203	E13B1_PAPLA
P85238	E13B2_PAPLA
P85248	UP03_LONON
P85249	UP04_LONON
P85250	UP05_LONON
P85251	UP06_LONON
P85252	UP07_LONON
P85260	UP02_LONON
P85304	TL18_SPIOL
P85305	TL25_SPIOL
P85339	TLP1_TAXBA
P85340	TLP2_TAXBA
P85341	TLP3_TAXBA
P85342	MDL_TAXBA
P85350	BAP12_CYCRE
P85356	TLP4_TAXBA
P85357	TLP5_TAXBA
P85358	UFOG1_TAXBA
P85359	MONTR_TAXBA
P85360	C450L_CYCRE
P85361	NAH_CYCRE
P85364	SMP10_NAUMA
P85365	IMP16_NAUMA
P85366	IMP17_NAUMA
P85367	IMP20_NAUMA
P85368	IMP13_NAUMA
P85369	IMP15_NAUMA
P85370	IMP11_NAUMA
P85371	IMP14_NAUMA
P85372	SMP05_NAUMA
P85373	SMP06_NAUMA
P85374	SMP07_NAUMA
P85375	SMP08_NAUMA
P85376	SMP09_NAUMA
P85377	SMP12_NAUMA
P85378	SMP13_NAUMA
P85379	SMP14_NAUMA
P85380	SMP15_NAUMA
P85381	SMP16_NAUMA
P85382	SMP17_NAUMA
P85383	SMP18_NAUMA
P85384	IMP02_NAUMA
P85385	IMP04_NAUMA
P85386	IMP05_NAUMA
P85387	IMP06_NAUMA
P85388	SMP03_NAUMA
P85389	IMP01_NAUMA
P85390	SMP01_NAUMA
P85391	SMP04_NAUMA
P85392	SMP11_NAUMA
P85393	IMP03_NAUMA
P85394	IMP07_NAUMA
P85395	IMP08_NAUMA
P85396	IMP09_NAUMA
P85397	IMP10_NAUMA
P85398	SMP02_NAUMA
P85399	IMP12_NAUMA
P85400	IMP18_NAUMA
P85401	IMP19_NAUMA
P85402	UP04_GINBI
P85403	UP05_GINBI
P85404	UP06_GINBI
P85405	UP07_GINBI
P85406	UP08_GINBI
P85407	UP09_GINBI
P85408	UP10_GINBI
P85409	UP11_GINBI
P85414	MCOL1_ZINEL
P85415	UP03_ZINEL
P85416	UP04_ZINEL
P85417	UP02_ZINEL
P85418	UP05_ZINEL
P85419	UP06_ZINEL
P85422	UP01_ZINEL
P85423	UP01_GINBI
P85424	UP01_CYCRE
P85425	UP12_GINBI
P85426	UP02_GINBI
P85427	UP03_GINBI
P85428	UP02_CYCRE
P85482	DIRLP_PINHA
P85484	AMP1_PINHA
P85485	UP01_PINHA
P85486	UP02_PINHA
P85487	UP03_PINHA
P85488	UP04_PINHA
P85489	UP05_PINHA
P85490	UP06_PINHA
P85491	UP07_PINHA
P85492	UP08_PINHA
P85493	UP01_EPHDI
P85494	PRP_EPHDI
P85495	UP02_EPHDI
P85496	UP03_EPHDI
P85844	MUP2_RAT
P85896	RBP_STRCA
P85898	UP01_CONSH
P85899	UP07_PSEMZ
P85900	DRR_PSEMZ
P85901	UP08_PSEMZ
P85902	UP09_PSEMZ
P85904	HSP01_PSEMZ
P85905	TCTP2_PSEMZ
P85907	UP10_PSEMZ
P85908	UP11_PSEMZ
P85912	UP12_PSEMZ
P85914	UP13_PSEMZ
P85915	EF1A_PSEMZ
P85917	HSP02_PSEMZ
P85919	UP14_PSEMZ
P85921	UP15_PSEMZ
P85922	UP16_PSEMZ
P85923	UP17_PSEMZ
P85927	UP19_PSEMZ
P85934	UP20_PSEMZ
P85935	UP21_PSEMZ
P85936	DCL_PSEMZ
P85937	ACT2_PSEMZ
P85938	14331_PSEMZ
P85939	14332_PSEMZ
P85941	14333_PSEMZ
P85942	14334_PSEMZ
P85943	HBL_PSEMZ
P85944	UP22_PSEMZ
P85946	UP23_PSEMZ
P85947	IFRH1_PSEMZ
P85948	UP24_PSEMZ
P85952	UP25_PSEMZ
P85953	UP26_PSEMZ
P85956	UP01_PSEMZ
P85957	PER_PSEMZ
P85958	UP02_PSEMZ
P85959	UP03_PSEMZ
P85960	UP04_PSEMZ
P85961	UP05_PSEMZ
P85963	UP06_PSEMZ
P85997	UP01_SOLLC
P86059	UP01_DAUCA
P86060	UP02_DAUCA
P86061	UP03_DAUCA
P86065	UP04_DAUCA
P86068	UP05_DAUCA
P86069	UP06_DAUCA
P86070	UP07_DAUCA
P86076	UP01_CAPAA
P86077	PRP_CAPAA
P86083	UP01_CAPCH
P86086	UP02_CAPCH
P86087	UP03_CAPCH
P86108	VP03_OPICY
P86112	VP06_OPICY
P86113	VP07_OPICY
P86337	VP8_BROAA
P86338	VP7_BROAA
P86339	VP4_BROAA
P86340	VP2_BROAA
P86341	VP1_BROAA
P86342	VP6_BROAA
P86343	VP5_BROAA
P86344	VP3_BROAA
P86358	GLOV_HELVI
P86364	IAA1_DELRE
P86365	IAA2_DELRE
P86366	IAA3_DELRE
P86367	IAA4_DELRE
P86384	TENP_DRONO
P86498	KRT_CEREL
P86499	FEFA1_PAEAU
P86690	UP1_ICHTR
P86691	UP2_ICHTR
P86692	UP3_ICHTR
P86703	MYL_PENMO
P86712	ALL1_LIPBO
P86784	GIGA1_CRAGI
P86786	GIGA3_CRAGI
P86787	GIGA4_CRAGI
P86788	GIGA5_CRAGI
P86860	PSM_MYTCA
P86895	AMP1_LIPSI
P86896	AMP2_LIPSI
P86898	ALL28_VIGMU
P86909	SCP_CHIOP
P86910	TNNI_CHIOP
P86985	IMSP4_RUDPH
P89263	Y022_GVXN
P96769	YHBJ_AGGAC
P99012	UXB1_YEASX
P99031	ULAK_MOUSE
P99032	ULAL_MOUSE
P99503	UHA1_CANLF
P99506	UHA2_CANLF
Q01445	YFF2_MYCMY
Q01480	YM2_DHVI1
Q02025	ESCA_LITFO
Q02102	YLG3_ACIAM
Q02191	YRP2_SYNPY
Q02210	YMOR_PSEPU
Q02484	YIE2_BHV4D
Q02919	NO36B_SOYBN
Q03000	YHS3_LACK1
Q03003	YORE_PSECL
Q04605	YUF2_LEPBY
Q04624	YFE5_CLOPA
Q04625	YFE3_CLOPA
Q04730	YFU3_GEOSE
Q04731	YPEC_LACLC
Q04766	VSP1_BPMV4
Q05072	YMU3_STRVG
Q05100	U1141_GAHVG
Q05368	CYPC_STRHA
Q05500	YMTS_CLOTT
Q06809	YTYA_BRAHO
Q07286	YLR3_EBVP3
Q08263	YPPC_CHLLI
Q08356	EZY3_CHLRE
Q08600	YNAX_KLEAE
Q08640	YBGA_THEMA
Q10581	ANGT1_BOTJA
Q10582	ANGT2_BOTJA
Q10757	ANGT_THETS
Q26537	14332_SCHMA
Q26603	SMOX4_SCHMA
Q27001	AH4_TOXGO
Q40189	M6_LILHE
Q44557	YRH1_AZOVI
Q45104	YHBA_BACCE
Q45825	YRI3_CORAM
Q45RU8	C51_CONST
Q46189	YHG1_CLOPA
Q49614	MP70_MYCKA
Q4R6F2	EMARD_MACFA
Q50429	Y280_METSM
Q51887	HEMX_PROMI
Q52784	YNTX_RHIET
Q52991	YNF8_RHIML
Q56353	YNAC_PARPN
Q56573	FLAG_VIBAN
Q5MGP9	DFP2_LONON
Q5UP12	YR847_MIMIV
Q5UP96	YL014_MIMIV
Q5UQF2	YL482_MIMIV
Q5UQY4	YR886_MIMIV
Q62249	SOX19_MOUSE
Q70KG2	RAF1C_WHEAT
Q79C01	Y3EST_MYCTX
Q90177	Y059_NPVLD
Q9AJ83	SCA4_RICAF
Q9BP49	CUU1_CONTS
Q9EUU9	3MGH_MYCFO
Q9GKT8	CP086_MACFA
Q9L4K3	ORF1_CHRSD
Q9R4N8	RL33_BREVE
Q9R4P0	RL29_BREVE
Q9R4P1	RS21_BREVE
Q9R4P4	RL29_BREDI
Q9R4P6	RS21_BREDI
Q9R5V8	RL29_PSEME
Q9U5P2	ALL5_LEPDS
